Date,Salesman,Revenue
2001-01-16,Bob,7172
2001-02-16,Bob,6362
2001-03-16,Bob,5982
2001-04-16,Bob,7917
2001-05-16,Bob,7837
2001-06-16,Bob,1744
2001-07-16,Bob,918
2001-08-16,Bob,9863
2001-09-16,Bob,8337
2001-10-16,Bob,7543
2001-11-16,Bob,1053
2001-12-16,Bob,4362
2016-01-13,Bob,6812
2016-01-14,Bob,9047
2016-01-15,Bob,3594
2016-01-16,Bob,9800
2016-01-17,Bob,7215
2016-01-18,Bob,7744
2016-01-19,Bob,9560
2016-01-20,Bob,9863
2016-01-21,Bob,547
2016-01-22,Bob,3505
2016-01-23,Bob,6969
2016-01-24,Bob,696
2016-01-25,Bob,4302
2016-01-26,Bob,9427
2016-01-27,Bob,7990
2016-01-28,Bob,6271
2016-01-29,Bob,5804
2016-01-30,Bob,3285
2016-01-31,Bob,2920
2002-01-16,Bob,6151
2002-02-16,Bob,3696
2002-03-16,Bob,2507
2002-04-16,Bob,1361
2002-05-16,Bob,8431
2002-06-16,Bob,3250
2002-07-16,Bob,2470
2002-08-16,Bob,4499
2002-09-16,Bob,5426
2002-10-16,Bob,136
2002-11-16,Bob,7769
2002-12-16,Bob,8473
2016-02-13,Bob,7430
2016-02-14,Bob,7739
2016-02-15,Bob,641
2016-02-16,Bob,1225
2016-02-17,Bob,8143
2016-02-18,Bob,3963
2016-02-19,Bob,4278
2016-02-20,Bob,942
2016-02-21,Bob,9414
2016-02-22,Bob,4491
2016-02-23,Bob,9325
2016-02-24,Bob,6529
2016-02-25,Bob,1781
2016-02-26,Bob,7257
2016-02-27,Bob,9288
2016-02-28,Bob,6187
2016-02-29,Bob,8429
2003-01-16,Bob,4144
2003-02-16,Bob,3589
2003-03-16,Bob,3517
2003-04-16,Bob,1365
2003-05-16,Bob,6674
2003-06-16,Bob,3248
2003-07-16,Bob,4592
2003-08-16,Bob,2178
2003-09-16,Bob,5049
2003-10-16,Bob,2242
2003-11-16,Bob,6916
2003-12-16,Bob,4404
2016-03-13,Bob,4089
2016-03-14,Bob,3159
2016-03-15,Bob,3144
2016-03-16,Bob,1490
2016-03-17,Bob,571
2016-03-18,Bob,4618
2016-03-19,Bob,715
2016-03-20,Bob,4780
2016-03-21,Bob,423
2016-03-22,Bob,4277
2016-03-23,Bob,6659
2016-03-24,Bob,8570
2016-03-25,Bob,7767
2016-03-26,Bob,5386
2016-03-27,Bob,1971
2016-03-28,Bob,9847
2016-03-29,Bob,5989
2016-03-30,Bob,9999
2016-03-31,Bob,697
2004-01-16,Bob,1678
2004-02-16,Bob,9491
2004-03-16,Bob,4252
2004-04-16,Bob,6883
2004-05-16,Bob,6528
2004-06-16,Bob,2174
2004-07-16,Bob,4164
2004-08-16,Bob,7706
2004-09-16,Bob,1882
2004-10-16,Bob,1480
2004-11-16,Bob,5661
2004-12-16,Bob,8628
2016-04-13,Bob,3496
2016-04-14,Bob,3359
2016-04-15,Bob,4436
2016-04-16,Bob,6206
2016-04-17,Bob,4992
2016-04-18,Bob,257
2016-04-19,Bob,9797
2016-04-20,Bob,6429
2016-04-21,Bob,7740
2016-04-22,Bob,9897
2016-04-23,Bob,4269
2016-04-24,Bob,9145
2016-04-25,Bob,8519
2016-04-26,Bob,2956
2016-04-27,Bob,6374
2016-04-28,Bob,1701
2016-04-29,Bob,2911
2016-04-30,Bob,4534
2005-01-16,Bob,3917
2005-02-16,Bob,6005
2005-03-16,Bob,3670
2005-04-16,Bob,4434
2005-05-16,Bob,1321
2005-06-16,Bob,686
2005-07-16,Bob,4777
2005-08-16,Bob,7063
2005-09-16,Bob,9626
2005-10-16,Bob,7343
2005-11-16,Bob,3581
2005-12-16,Bob,6267
2016-05-13,Bob,5920
2016-05-14,Bob,113
2016-05-15,Bob,3322
2016-05-16,Bob,6847
2016-05-17,Bob,4083
2016-05-18,Bob,6298
2016-05-19,Bob,5874
2016-05-20,Bob,4707
2016-05-21,Bob,5773
2016-05-22,Bob,7901
2016-05-23,Bob,2717
2016-05-24,Bob,8067
2016-05-25,Bob,5809
2016-05-26,Bob,8269
2016-05-27,Bob,9417
2016-05-28,Bob,5424
2016-05-29,Bob,6363
2016-05-30,Bob,1706
2016-05-31,Bob,5399
2006-01-16,Bob,7421
2006-02-16,Bob,8073
2006-03-16,Bob,143
2006-04-16,Bob,6593
2006-05-16,Bob,3102
2006-06-16,Bob,884
2006-07-16,Bob,7995
2006-08-16,Bob,5374
2006-09-16,Bob,4951
2006-10-16,Bob,7028
2006-11-16,Bob,9507
2006-12-16,Bob,4840
2016-06-13,Bob,497
2016-06-14,Bob,9945
2016-06-15,Bob,249
2016-06-16,Bob,7914
2016-06-17,Bob,9636
2016-06-18,Bob,8566
2016-06-19,Bob,6185
2016-06-20,Bob,590
2016-06-21,Bob,7251
2016-06-22,Bob,4481
2016-06-23,Bob,441
2016-06-24,Bob,8743
2016-06-25,Bob,228
2016-06-26,Bob,373
2016-06-27,Bob,7462
2016-06-28,Bob,1914
2016-06-29,Bob,1571
2016-06-30,Bob,3956
2007-01-16,Bob,9276
2007-02-16,Bob,4245
2007-03-16,Bob,9635
2007-04-16,Bob,6300
2007-05-16,Bob,708
2007-06-16,Bob,8604
2007-07-16,Bob,1331
2007-08-16,Bob,7627
2007-09-16,Bob,229
2007-10-16,Bob,3756
2007-11-16,Bob,1961
2007-12-16,Bob,1678
2016-07-13,Bob,2019
2016-07-14,Bob,5141
2016-07-15,Bob,4672
2016-07-16,Bob,6192
2016-07-17,Bob,5496
2016-07-18,Bob,733
2016-07-19,Bob,1363
2016-07-20,Bob,4498
2016-07-21,Bob,3242
2016-07-22,Bob,7111
2016-07-23,Bob,918
2016-07-24,Bob,218
2016-07-25,Bob,9934
2016-07-26,Bob,9739
2016-07-27,Bob,7284
2016-07-28,Bob,5306
2016-07-29,Bob,438
2016-07-30,Bob,2456
2016-07-31,Bob,5421
2008-01-16,Bob,7155
2008-02-16,Bob,7599
2008-03-16,Bob,5023
2008-04-16,Bob,8294
2008-05-16,Bob,7689
2008-06-16,Bob,7268
2008-07-16,Bob,1186
2008-08-16,Bob,4465
2008-09-16,Bob,1948
2008-10-16,Bob,5800
2008-11-16,Bob,29
2008-12-16,Bob,2392
2016-08-13,Bob,5689
2016-08-14,Bob,5250
2016-08-15,Bob,9825
2016-08-16,Bob,3478
2016-08-17,Bob,2877
2016-08-18,Bob,7641
2016-08-19,Bob,7212
2016-08-20,Bob,5124
2016-08-21,Bob,4327
2016-08-22,Bob,3159
2016-08-23,Bob,647
2016-08-24,Bob,3520
2016-08-25,Bob,606
2016-08-26,Bob,9419
2016-08-27,Bob,8405
2016-08-28,Bob,2717
2016-08-29,Bob,4336
2016-08-30,Bob,8391
2016-08-31,Bob,9223
2009-01-16,Bob,198
2009-02-16,Bob,7870
2009-03-16,Bob,4158
2009-04-16,Bob,4455
2009-05-16,Bob,992
2009-06-16,Bob,556
2009-07-16,Bob,6499
2009-08-16,Bob,9621
2009-09-16,Bob,1231
2009-10-16,Bob,7432
2009-11-16,Bob,2793
2009-12-16,Bob,1416
2016-09-13,Bob,5926
2016-09-14,Bob,9421
2016-09-15,Bob,9868
2016-09-16,Bob,7711
2016-09-17,Bob,636
2016-09-18,Bob,4909
2016-09-19,Bob,5457
2016-09-20,Bob,1071
2016-09-21,Bob,9086
2016-09-22,Bob,6089
2016-09-23,Bob,5148
2016-09-24,Bob,4349
2016-09-25,Bob,4386
2016-09-26,Bob,1798
2016-09-27,Bob,9577
2016-09-28,Bob,2025
2016-09-29,Bob,6720
2016-09-30,Bob,8395
2010-01-16,Bob,2312
2010-02-16,Bob,4304
2010-03-16,Bob,6425
2010-04-16,Bob,6378
2010-05-16,Bob,3091
2010-06-16,Bob,4574
2010-07-16,Bob,2951
2010-08-16,Bob,9039
2010-09-16,Bob,2370
2010-10-16,Bob,4448
2010-11-16,Bob,7482
2010-12-16,Bob,2740
2016-10-13,Bob,41
2016-10-14,Bob,2561
2016-10-15,Bob,4448
2016-10-16,Bob,215
2016-10-17,Bob,8591
2016-10-18,Bob,6640
2016-10-19,Bob,5434
2016-10-20,Bob,7883
2016-10-21,Bob,7578
2016-10-22,Bob,3532
2016-10-23,Bob,4450
2016-10-24,Bob,8216
2016-10-25,Bob,341
2016-10-26,Bob,8698
2016-10-27,Bob,6461
2016-10-28,Bob,9104
2016-10-29,Bob,3557
2016-10-30,Bob,8229
2016-10-31,Bob,7723
2011-01-16,Bob,8315
2011-02-16,Bob,1467
2011-03-16,Bob,5055
2011-04-16,Bob,5583
2011-05-16,Bob,8696
2011-06-16,Bob,1749
2011-07-16,Bob,2436
2011-08-16,Bob,1953
2011-09-16,Bob,6175
2011-10-16,Bob,979
2011-11-16,Bob,6468
2011-12-16,Bob,7249
2016-11-13,Bob,9482
2016-11-14,Bob,4144
2016-11-15,Bob,3052
2016-11-16,Bob,2146
2016-11-17,Bob,5265
2016-11-18,Bob,1595
2016-11-19,Bob,1789
2016-11-20,Bob,1626
2016-11-21,Bob,5810
2016-11-22,Bob,358
2016-11-23,Bob,9097
2016-11-24,Bob,5201
2016-11-25,Bob,8462
2016-11-26,Bob,5894
2016-11-27,Bob,1957
2016-11-28,Bob,3928
2016-11-29,Bob,2561
2016-11-30,Bob,6885
2012-01-16,Bob,9703
2012-02-16,Bob,5570
2012-03-16,Bob,7910
2012-04-16,Bob,2869
2012-05-16,Bob,4013
2012-06-16,Bob,1695
2012-07-16,Bob,1010
2012-08-16,Bob,1149
2012-09-16,Bob,4432
2012-10-16,Bob,194
2012-11-16,Bob,7676
2012-12-16,Bob,7290
2016-12-13,Bob,7253
2016-12-14,Bob,9777
2016-12-15,Bob,7933
2016-12-16,Bob,6742
2016-12-17,Bob,5641
2016-12-18,Bob,8445
2016-12-19,Bob,3065
2016-12-20,Bob,3864
2016-12-21,Bob,4080
2016-12-22,Bob,5294
2016-12-23,Bob,5063
2016-12-24,Bob,1731
2016-12-25,Bob,8325
2016-12-26,Bob,6664
2016-12-27,Bob,2045
2016-12-28,Bob,100
2016-12-29,Bob,4115
2016-12-30,Bob,2577
2016-12-31,Bob,3845
2001-01-16,Ronald,2639
2001-02-16,Ronald,4951
2001-03-16,Ronald,2703
2001-04-16,Ronald,4258
2001-05-16,Ronald,7771
2001-06-16,Ronald,5930
2001-07-16,Ronald,1933
2001-08-16,Ronald,5709
2001-09-16,Ronald,4707
2001-10-16,Ronald,8267
2001-11-16,Ronald,1340
2001-12-16,Ronald,279
2016-01-13,Ronald,7540
2016-01-14,Ronald,4214
2016-01-15,Ronald,5346
2016-01-16,Ronald,9636
2016-01-17,Ronald,6058
2016-01-18,Ronald,3602
2016-01-19,Ronald,316
2016-01-20,Ronald,9352
2016-01-21,Ronald,6781
2016-01-22,Ronald,5166
2016-01-23,Ronald,2479
2016-01-24,Ronald,4835
2016-01-25,Ronald,9750
2016-01-26,Ronald,8738
2016-01-27,Ronald,1768
2016-01-28,Ronald,7264
2016-01-29,Ronald,8545
2016-01-30,Ronald,658
2016-01-31,Ronald,9018
2002-01-16,Ronald,5903
2002-02-16,Ronald,4271
2002-03-16,Ronald,7385
2002-04-16,Ronald,7897
2002-05-16,Ronald,5783
2002-06-16,Ronald,4884
2002-07-16,Ronald,8631
2002-08-16,Ronald,7266
2002-09-16,Ronald,7262
2002-10-16,Ronald,1185
2002-11-16,Ronald,606
2002-12-16,Ronald,8191
2016-02-13,Ronald,2526
2016-02-14,Ronald,9023
2016-02-15,Ronald,5969
2016-02-16,Ronald,4920
2016-02-17,Ronald,5736
2016-02-18,Ronald,2281
2016-02-19,Ronald,2515
2016-02-20,Ronald,5455
2016-02-21,Ronald,9196
2016-02-22,Ronald,1877
2016-02-23,Ronald,2807
2016-02-24,Ronald,7942
2016-02-25,Ronald,1335
2016-02-26,Ronald,5450
2016-02-27,Ronald,1717
2016-02-28,Ronald,9478
2016-02-29,Ronald,5997
2003-01-16,Ronald,7395
2003-02-16,Ronald,4808
2003-03-16,Ronald,3229
2003-04-16,Ronald,1922
2003-05-16,Ronald,1860
2003-06-16,Ronald,9486
2003-07-16,Ronald,7778
2003-08-16,Ronald,7610
2003-09-16,Ronald,2634
2003-10-16,Ronald,3163
2003-11-16,Ronald,1638
2003-12-16,Ronald,4090
2016-03-13,Ronald,2061
2016-03-14,Ronald,8091
2016-03-15,Ronald,52
2016-03-16,Ronald,654
2016-03-17,Ronald,2696
2016-03-18,Ronald,5224
2016-03-19,Ronald,4840
2016-03-20,Ronald,5941
2016-03-21,Ronald,1179
2016-03-22,Ronald,451
2016-03-23,Ronald,5572
2016-03-24,Ronald,411
2016-03-25,Ronald,6611
2016-03-26,Ronald,9597
2016-03-27,Ronald,7621
2016-03-28,Ronald,7905
2016-03-29,Ronald,5299
2016-03-30,Ronald,5719
2016-03-31,Ronald,5624
2004-01-16,Ronald,1338
2004-02-16,Ronald,7263
2004-03-16,Ronald,7252
2004-04-16,Ronald,6660
2004-05-16,Ronald,5297
2004-06-16,Ronald,340
2004-07-16,Ronald,1218
2004-08-16,Ronald,2462
2004-09-16,Ronald,3884
2004-10-16,Ronald,8530
2004-11-16,Ronald,6295
2004-12-16,Ronald,6454
2016-04-13,Ronald,1855
2016-04-14,Ronald,7809
2016-04-15,Ronald,1913
2016-04-16,Ronald,3918
2016-04-17,Ronald,9445
2016-04-18,Ronald,698
2016-04-19,Ronald,7794
2016-04-20,Ronald,8514
2016-04-21,Ronald,8059
2016-04-22,Ronald,8777
2016-04-23,Ronald,9803
2016-04-24,Ronald,5692
2016-04-25,Ronald,4025
2016-04-26,Ronald,7148
2016-04-27,Ronald,1477
2016-04-28,Ronald,4264
2016-04-29,Ronald,6318
2016-04-30,Ronald,7051
2005-01-16,Ronald,1990
2005-02-16,Ronald,1284
2005-03-16,Ronald,1
2005-04-16,Ronald,3199
2005-05-16,Ronald,5459
2005-06-16,Ronald,6579
2005-07-16,Ronald,7695
2005-08-16,Ronald,8137
2005-09-16,Ronald,5172
2005-10-16,Ronald,4730
2005-11-16,Ronald,391
2005-12-16,Ronald,9912
2016-05-13,Ronald,6206
2016-05-14,Ronald,785
2016-05-15,Ronald,9991
2016-05-16,Ronald,1779
2016-05-17,Ronald,2341
2016-05-18,Ronald,8329
2016-05-19,Ronald,1113
2016-05-20,Ronald,4204
2016-05-21,Ronald,5130
2016-05-22,Ronald,1727
2016-05-23,Ronald,5829
2016-05-24,Ronald,253
2016-05-25,Ronald,3938
2016-05-26,Ronald,331
2016-05-27,Ronald,8748
2016-05-28,Ronald,9902
2016-05-29,Ronald,4843
2016-05-30,Ronald,1806
2016-05-31,Ronald,6674
2006-01-16,Ronald,8171
2006-02-16,Ronald,9355
2006-03-16,Ronald,3381
2006-04-16,Ronald,9221
2006-05-16,Ronald,4248
2006-06-16,Ronald,6050
2006-07-16,Ronald,9319
2006-08-16,Ronald,1896
2006-09-16,Ronald,7421
2006-10-16,Ronald,2136
2006-11-16,Ronald,8646
2006-12-16,Ronald,2959
2016-06-13,Ronald,7
2016-06-14,Ronald,2724
2016-06-15,Ronald,7345
2016-06-16,Ronald,4716
2016-06-17,Ronald,1210
2016-06-18,Ronald,4187
2016-06-19,Ronald,6046
2016-06-20,Ronald,1571
2016-06-21,Ronald,342
2016-06-22,Ronald,9084
2016-06-23,Ronald,3863
2016-06-24,Ronald,7021
2016-06-25,Ronald,3861
2016-06-26,Ronald,3961
2016-06-27,Ronald,7042
2016-06-28,Ronald,7561
2016-06-29,Ronald,1482
2016-06-30,Ronald,8156
2007-01-16,Ronald,5696
2007-02-16,Ronald,4203
2007-03-16,Ronald,8424
2007-04-16,Ronald,6213
2007-05-16,Ronald,2903
2007-06-16,Ronald,6047
2007-07-16,Ronald,8648
2007-08-16,Ronald,5737
2007-09-16,Ronald,6178
2007-10-16,Ronald,9576
2007-11-16,Ronald,9277
2007-12-16,Ronald,3895
2016-07-13,Ronald,7032
2016-07-14,Ronald,689
2016-07-15,Ronald,5050
2016-07-16,Ronald,6745
2016-07-17,Ronald,2212
2016-07-18,Ronald,4623
2016-07-19,Ronald,2967
2016-07-20,Ronald,3309
2016-07-21,Ronald,1262
2016-07-22,Ronald,7475
2016-07-23,Ronald,6611
2016-07-24,Ronald,9028
2016-07-25,Ronald,8953
2016-07-26,Ronald,7916
2016-07-27,Ronald,8710
2016-07-28,Ronald,7834
2016-07-29,Ronald,5396
2016-07-30,Ronald,3917
2016-07-31,Ronald,5375
2008-01-16,Ronald,4723
2008-02-16,Ronald,9494
2008-03-16,Ronald,2739
2008-04-16,Ronald,2266
2008-05-16,Ronald,6172
2008-06-16,Ronald,545
2008-07-16,Ronald,7985
2008-08-16,Ronald,5813
2008-09-16,Ronald,8747
2008-10-16,Ronald,5256
2008-11-16,Ronald,8003
2008-12-16,Ronald,949
2016-08-13,Ronald,9896
2016-08-14,Ronald,3338
2016-08-15,Ronald,6101
2016-08-16,Ronald,4095
2016-08-17,Ronald,3330
2016-08-18,Ronald,7593
2016-08-19,Ronald,7973
2016-08-20,Ronald,160
2016-08-21,Ronald,9438
2016-08-22,Ronald,1545
2016-08-23,Ronald,93
2016-08-24,Ronald,5138
2016-08-25,Ronald,9203
2016-08-26,Ronald,3230
2016-08-27,Ronald,8986
2016-08-28,Ronald,4057
2016-08-29,Ronald,4615
2016-08-30,Ronald,8642
2016-08-31,Ronald,7024
2009-01-16,Ronald,1628
2009-02-16,Ronald,5299
2009-03-16,Ronald,567
2009-04-16,Ronald,1093
2009-05-16,Ronald,4252
2009-06-16,Ronald,1112
2009-07-16,Ronald,3608
2009-08-16,Ronald,5762
2009-09-16,Ronald,8922
2009-10-16,Ronald,7741
2009-11-16,Ronald,708
2009-12-16,Ronald,4200
2016-09-13,Ronald,3828
2016-09-14,Ronald,5507
2016-09-15,Ronald,876
2016-09-16,Ronald,9566
2016-09-17,Ronald,6114
2016-09-18,Ronald,8378
2016-09-19,Ronald,5060
2016-09-20,Ronald,7676
2016-09-21,Ronald,2924
2016-09-22,Ronald,5621
2016-09-23,Ronald,4397
2016-09-24,Ronald,7932
2016-09-25,Ronald,9830
2016-09-26,Ronald,3976
2016-09-27,Ronald,5725
2016-09-28,Ronald,8674
2016-09-29,Ronald,2007
2016-09-30,Ronald,3955
2010-01-16,Ronald,1866
2010-02-16,Ronald,8909
2010-03-16,Ronald,675
2010-04-16,Ronald,5409
2010-05-16,Ronald,8835
2010-06-16,Ronald,9787
2010-07-16,Ronald,5497
2010-08-16,Ronald,7469
2010-09-16,Ronald,1689
2010-10-16,Ronald,3857
2010-11-16,Ronald,3642
2010-12-16,Ronald,233
2016-10-13,Ronald,7886
2016-10-14,Ronald,435
2016-10-15,Ronald,863
2016-10-16,Ronald,7401
2016-10-17,Ronald,1146
2016-10-18,Ronald,6159
2016-10-19,Ronald,3938
2016-10-20,Ronald,3556
2016-10-21,Ronald,5526
2016-10-22,Ronald,9599
2016-10-23,Ronald,3569
2016-10-24,Ronald,4558
2016-10-25,Ronald,672
2016-10-26,Ronald,5010
2016-10-27,Ronald,2802
2016-10-28,Ronald,3712
2016-10-29,Ronald,1504
2016-10-30,Ronald,2715
2016-10-31,Ronald,1407
2011-01-16,Ronald,3199
2011-02-16,Ronald,7458
2011-03-16,Ronald,6050
2011-04-16,Ronald,2494
2011-05-16,Ronald,4483
2011-06-16,Ronald,4636
2011-07-16,Ronald,788
2011-08-16,Ronald,3620
2011-09-16,Ronald,891
2011-10-16,Ronald,110
2011-11-16,Ronald,726
2011-12-16,Ronald,1125
2016-11-13,Ronald,9089
2016-11-14,Ronald,9506
2016-11-15,Ronald,4430
2016-11-16,Ronald,73
2016-11-17,Ronald,5352
2016-11-18,Ronald,6046
2016-11-19,Ronald,4678
2016-11-20,Ronald,1525
2016-11-21,Ronald,9791
2016-11-22,Ronald,8639
2016-11-23,Ronald,5462
2016-11-24,Ronald,6080
2016-11-25,Ronald,4021
2016-11-26,Ronald,7293
2016-11-27,Ronald,8027
2016-11-28,Ronald,2724
2016-11-29,Ronald,3079
2016-11-30,Ronald,4748
2012-01-16,Ronald,1741
2012-02-16,Ronald,5956
2012-03-16,Ronald,2252
2012-04-16,Ronald,1484
2012-05-16,Ronald,2867
2012-06-16,Ronald,5734
2012-07-16,Ronald,5409
2012-08-16,Ronald,9951
2012-09-16,Ronald,96
2012-10-16,Ronald,8713
2012-11-16,Ronald,5843
2012-12-16,Ronald,4524
2016-12-13,Ronald,5193
2016-12-14,Ronald,8161
2016-12-15,Ronald,9557
2016-12-16,Ronald,2318
2016-12-17,Ronald,9042
2016-12-18,Ronald,7979
2016-12-19,Ronald,2734
2016-12-20,Ronald,5757
2016-12-21,Ronald,359
2016-12-22,Ronald,825
2016-12-23,Ronald,9210
2016-12-24,Ronald,4114
2016-12-25,Ronald,7490
2016-12-26,Ronald,6170
2016-12-27,Ronald,2981
2016-12-28,Ronald,6129
2016-12-29,Ronald,7662
2016-12-30,Ronald,2570
2016-12-31,Ronald,2619
2001-01-16,Dave,1864
2001-02-16,Dave,8278
2001-03-16,Dave,4226
2001-04-16,Dave,3868
2001-05-16,Dave,2287
2001-06-16,Dave,7859
2001-07-16,Dave,8597
2001-08-16,Dave,3092
2001-09-16,Dave,1794
2001-10-16,Dave,7105
2001-11-16,Dave,6851
2001-12-16,Dave,7147
2016-01-13,Dave,6160
2016-01-14,Dave,7533
2016-01-15,Dave,9883
2016-01-16,Dave,3622
2016-01-17,Dave,4565
2016-01-18,Dave,8246
2016-01-19,Dave,9229
2016-01-20,Dave,8358
2016-01-21,Dave,4229
2016-01-22,Dave,4417
2016-01-23,Dave,358
2016-01-24,Dave,7817
2016-01-25,Dave,6354
2016-01-26,Dave,7544
2016-01-27,Dave,2255
2016-01-28,Dave,3419
2016-01-29,Dave,1378
2016-01-30,Dave,6456
2016-01-31,Dave,9134
2002-01-16,Dave,2211
2002-02-16,Dave,2612
2002-03-16,Dave,5680
2002-04-16,Dave,413
2002-05-16,Dave,5776
2002-06-16,Dave,5955
2002-07-16,Dave,5896
2002-08-16,Dave,1711
2002-09-16,Dave,9939
2002-10-16,Dave,3090
2002-11-16,Dave,8041
2002-12-16,Dave,7335
2016-02-13,Dave,5914
2016-02-14,Dave,6025
2016-02-15,Dave,7377
2016-02-16,Dave,449
2016-02-17,Dave,9298
2016-02-18,Dave,967
2016-02-19,Dave,3709
2016-02-20,Dave,2783
2016-02-21,Dave,9527
2016-02-22,Dave,9255
2016-02-23,Dave,6393
2016-02-24,Dave,5455
2016-02-25,Dave,9072
2016-02-26,Dave,9720
2016-02-27,Dave,1207
2016-02-28,Dave,430
2016-02-29,Dave,9399
2003-01-16,Dave,9152
2003-02-16,Dave,2498
2003-03-16,Dave,7086
2003-04-16,Dave,613
2003-05-16,Dave,7142
2003-06-16,Dave,1144
2003-07-16,Dave,4796
2003-08-16,Dave,5261
2003-09-16,Dave,3581
2003-10-16,Dave,5326
2003-11-16,Dave,1661
2003-12-16,Dave,2146
2016-03-13,Dave,9874
2016-03-14,Dave,9537
2016-03-15,Dave,2746
2016-03-16,Dave,6853
2016-03-17,Dave,2682
2016-03-18,Dave,2215
2016-03-19,Dave,3133
2016-03-20,Dave,2405
2016-03-21,Dave,8446
2016-03-22,Dave,6886
2016-03-23,Dave,4933
2016-03-24,Dave,9068
2016-03-25,Dave,6756
2016-03-26,Dave,6713
2016-03-27,Dave,5350
2016-03-28,Dave,3429
2016-03-29,Dave,8026
2016-03-30,Dave,64
2016-03-31,Dave,1509
2004-01-16,Dave,4551
2004-02-16,Dave,7819
2004-03-16,Dave,1244
2004-04-16,Dave,4509
2004-05-16,Dave,3155
2004-06-16,Dave,4415
2004-07-16,Dave,1069
2004-08-16,Dave,706
2004-09-16,Dave,6398
2004-10-16,Dave,4518
2004-11-16,Dave,554
2004-12-16,Dave,8290
2016-04-13,Dave,262
2016-04-14,Dave,3068
2016-04-15,Dave,5351
2016-04-16,Dave,4353
2016-04-17,Dave,1565
2016-04-18,Dave,6052
2016-04-19,Dave,3471
2016-04-20,Dave,9539
2016-04-21,Dave,7513
2016-04-22,Dave,3945
2016-04-23,Dave,2227
2016-04-24,Dave,329
2016-04-25,Dave,3646
2016-04-26,Dave,3472
2016-04-27,Dave,8530
2016-04-28,Dave,2795
2016-04-29,Dave,3405
2016-04-30,Dave,6182
2005-01-16,Dave,9098
2005-02-16,Dave,3890
2005-03-16,Dave,3296
2005-04-16,Dave,8837
2005-05-16,Dave,7876
2005-06-16,Dave,4970
2005-07-16,Dave,6447
2005-08-16,Dave,515
2005-09-16,Dave,8735
2005-10-16,Dave,9436
2005-11-16,Dave,131
2005-12-16,Dave,1924
2016-05-13,Dave,6794
2016-05-14,Dave,9162
2016-05-15,Dave,43
2016-05-16,Dave,2045
2016-05-17,Dave,9322
2016-05-18,Dave,4702
2016-05-19,Dave,7697
2016-05-20,Dave,1027
2016-05-21,Dave,3356
2016-05-22,Dave,2822
2016-05-23,Dave,9821
2016-05-24,Dave,2147
2016-05-25,Dave,4559
2016-05-26,Dave,6058
2016-05-27,Dave,4520
2016-05-28,Dave,2820
2016-05-29,Dave,5467
2016-05-30,Dave,924
2016-05-31,Dave,7665
2006-01-16,Dave,8325
2006-02-16,Dave,7753
2006-03-16,Dave,4500
2006-04-16,Dave,3540
2006-05-16,Dave,8974
2006-06-16,Dave,2223
2006-07-16,Dave,3688
2006-08-16,Dave,8948
2006-09-16,Dave,7049
2006-10-16,Dave,481
2006-11-16,Dave,5048
2006-12-16,Dave,5760
2016-06-13,Dave,5111
2016-06-14,Dave,8428
2016-06-15,Dave,7429
2016-06-16,Dave,4622
2016-06-17,Dave,8122
2016-06-18,Dave,9274
2016-06-19,Dave,4201
2016-06-20,Dave,9634
2016-06-21,Dave,6530
2016-06-22,Dave,878
2016-06-23,Dave,4500
2016-06-24,Dave,3664
2016-06-25,Dave,2221
2016-06-26,Dave,7457
2016-06-27,Dave,2972
2016-06-28,Dave,8748
2016-06-29,Dave,3502
2016-06-30,Dave,3979
2007-01-16,Dave,6544
2007-02-16,Dave,85
2007-03-16,Dave,4307
2007-04-16,Dave,2049
2007-05-16,Dave,9285
2007-06-16,Dave,4586
2007-07-16,Dave,467
2007-08-16,Dave,3146
2007-09-16,Dave,766
2007-10-16,Dave,7773
2007-11-16,Dave,4004
2007-12-16,Dave,6105
2016-07-13,Dave,3779
2016-07-14,Dave,7384
2016-07-15,Dave,1646
2016-07-16,Dave,4981
2016-07-17,Dave,135
2016-07-18,Dave,9831
2016-07-19,Dave,4821
2016-07-20,Dave,7588
2016-07-21,Dave,3499
2016-07-22,Dave,8068
2016-07-23,Dave,2630
2016-07-24,Dave,7316
2016-07-25,Dave,2156
2016-07-26,Dave,8510
2016-07-27,Dave,3010
2016-07-28,Dave,2578
2016-07-29,Dave,4820
2016-07-30,Dave,1854
2016-07-31,Dave,4596
2008-01-16,Dave,9346
2008-02-16,Dave,5083
2008-03-16,Dave,1028
2008-04-16,Dave,1404
2008-05-16,Dave,5437
2008-06-16,Dave,6125
2008-07-16,Dave,8488
2008-08-16,Dave,8002
2008-09-16,Dave,7622
2008-10-16,Dave,9079
2008-11-16,Dave,9677
2008-12-16,Dave,7775
2016-08-13,Dave,7806
2016-08-14,Dave,4427
2016-08-15,Dave,1909
2016-08-16,Dave,1618
2016-08-17,Dave,5260
2016-08-18,Dave,1840
2016-08-19,Dave,4408
2016-08-20,Dave,7324
2016-08-21,Dave,4829
2016-08-22,Dave,6151
2016-08-23,Dave,383
2016-08-24,Dave,903
2016-08-25,Dave,2191
2016-08-26,Dave,5688
2016-08-27,Dave,3333
2016-08-28,Dave,7378
2016-08-29,Dave,2972
2016-08-30,Dave,3972
2016-08-31,Dave,1769
2009-01-16,Dave,7535
2009-02-16,Dave,8638
2009-03-16,Dave,6207
2009-04-16,Dave,1189
2009-05-16,Dave,211
2009-06-16,Dave,7293
2009-07-16,Dave,9774
2009-08-16,Dave,8194
2009-09-16,Dave,4733
2009-10-16,Dave,3918
2009-11-16,Dave,6899
2009-12-16,Dave,9581
2016-09-13,Dave,8192
2016-09-14,Dave,7953
2016-09-15,Dave,1268
2016-09-16,Dave,6047
2016-09-17,Dave,7164
2016-09-18,Dave,2563
2016-09-19,Dave,7796
2016-09-20,Dave,5782
2016-09-21,Dave,7081
2016-09-22,Dave,1064
2016-09-23,Dave,815
2016-09-24,Dave,4905
2016-09-25,Dave,4875
2016-09-26,Dave,8531
2016-09-27,Dave,3082
2016-09-28,Dave,847
2016-09-29,Dave,6414
2016-09-30,Dave,7330
2010-01-16,Dave,9076
2010-02-16,Dave,9197
2010-03-16,Dave,5796
2010-04-16,Dave,7864
2010-05-16,Dave,7825
2010-06-16,Dave,7665
2010-07-16,Dave,9478
2010-08-16,Dave,9313
2010-09-16,Dave,1296
2010-10-16,Dave,6226
2010-11-16,Dave,6577
2010-12-16,Dave,517
2016-10-13,Dave,663
2016-10-14,Dave,2590
2016-10-15,Dave,6913
2016-10-16,Dave,3987
2016-10-17,Dave,496
2016-10-18,Dave,7376
2016-10-19,Dave,9723
2016-10-20,Dave,6080
2016-10-21,Dave,6321
2016-10-22,Dave,8158
2016-10-23,Dave,7090
2016-10-24,Dave,4360
2016-10-25,Dave,2165
2016-10-26,Dave,8054
2016-10-27,Dave,484
2016-10-28,Dave,4220
2016-10-29,Dave,946
2016-10-30,Dave,4567
2016-10-31,Dave,1497
2011-01-16,Dave,8283
2011-02-16,Dave,4383
2011-03-16,Dave,938
2011-04-16,Dave,4824
2011-05-16,Dave,175
2011-06-16,Dave,3923
2011-07-16,Dave,2403
2011-08-16,Dave,1640
2011-09-16,Dave,2846
2011-10-16,Dave,965
2011-11-16,Dave,4463
2011-12-16,Dave,4365
2016-11-13,Dave,1335
2016-11-14,Dave,7173
2016-11-15,Dave,4842
2016-11-16,Dave,6446
2016-11-17,Dave,5183
2016-11-18,Dave,7855
2016-11-19,Dave,6393
2016-11-20,Dave,5598
2016-11-21,Dave,6414
2016-11-22,Dave,6465
2016-11-23,Dave,2985
2016-11-24,Dave,1254
2016-11-25,Dave,4528
2016-11-26,Dave,4431
2016-11-27,Dave,5788
2016-11-28,Dave,6538
2016-11-29,Dave,6578
2016-11-30,Dave,3675
2012-01-16,Dave,7431
2012-02-16,Dave,9842
2012-03-16,Dave,4284
2012-04-16,Dave,8389
2012-05-16,Dave,3089
2012-06-16,Dave,9142
2012-07-16,Dave,3707
2012-08-16,Dave,3073
2012-09-16,Dave,6820
2012-10-16,Dave,3938
2012-11-16,Dave,8805
2012-12-16,Dave,3917
2016-12-13,Dave,9168
2016-12-14,Dave,2632
2016-12-15,Dave,2051
2016-12-16,Dave,1148
2016-12-17,Dave,8921
2016-12-18,Dave,9203
2016-12-19,Dave,4255
2016-12-20,Dave,7209
2016-12-21,Dave,1335
2016-12-22,Dave,6986
2016-12-23,Dave,5507
2016-12-24,Dave,5520
2016-12-25,Dave,4004
2016-12-26,Dave,3211
2016-12-27,Dave,2843
2016-12-28,Dave,8888
2016-12-29,Dave,9490
2016-12-30,Dave,3594
2016-12-31,Dave,6830
2001-01-16,Jeb,4430
2001-02-16,Jeb,8026
2001-03-16,Jeb,5188
2001-04-16,Jeb,3144
2001-05-16,Jeb,938
2001-06-16,Jeb,8702
2001-07-16,Jeb,4250
2001-08-16,Jeb,9719
2001-09-16,Jeb,5614
2001-10-16,Jeb,301
2001-11-16,Jeb,9489
2001-12-16,Jeb,8719
2016-01-13,Jeb,2349
2016-01-14,Jeb,7690
2016-01-15,Jeb,6917
2016-01-16,Jeb,474
2016-01-17,Jeb,8963
2016-01-18,Jeb,2351
2016-01-19,Jeb,5512
2016-01-20,Jeb,9509
2016-01-21,Jeb,2453
2016-01-22,Jeb,2875
2016-01-23,Jeb,8853
2016-01-24,Jeb,6705
2016-01-25,Jeb,2882
2016-01-26,Jeb,1009
2016-01-27,Jeb,4020
2016-01-28,Jeb,1735
2016-01-29,Jeb,6477
2016-01-30,Jeb,2253
2016-01-31,Jeb,755
2002-01-16,Jeb,4684
2002-02-16,Jeb,256
2002-03-16,Jeb,3906
2002-04-16,Jeb,7053
2002-05-16,Jeb,7524
2002-06-16,Jeb,5593
2002-07-16,Jeb,9739
2002-08-16,Jeb,9737
2002-09-16,Jeb,4971
2002-10-16,Jeb,9160
2002-11-16,Jeb,3291
2002-12-16,Jeb,8733
2016-02-13,Jeb,8206
2016-02-14,Jeb,4788
2016-02-15,Jeb,3517
2016-02-16,Jeb,3422
2016-02-17,Jeb,2496
2016-02-18,Jeb,482
2016-02-19,Jeb,2186
2016-02-20,Jeb,8515
2016-02-21,Jeb,7777
2016-02-22,Jeb,7065
2016-02-23,Jeb,1532
2016-02-24,Jeb,3356
2016-02-25,Jeb,8624
2016-02-26,Jeb,8837
2016-02-27,Jeb,3278
2016-02-28,Jeb,4805
2016-02-29,Jeb,5814
2003-01-16,Jeb,5912
2003-02-16,Jeb,6940
2003-03-16,Jeb,2449
2003-04-16,Jeb,6749
2003-05-16,Jeb,9689
2003-06-16,Jeb,9409
2003-07-16,Jeb,3497
2003-08-16,Jeb,5650
2003-09-16,Jeb,3980
2003-10-16,Jeb,6086
2003-11-16,Jeb,5526
2003-12-16,Jeb,8573
2016-03-13,Jeb,1772
2016-03-14,Jeb,9111
2016-03-15,Jeb,5829
2016-03-16,Jeb,1616
2016-03-17,Jeb,5489
2016-03-18,Jeb,583
2016-03-19,Jeb,5534
2016-03-20,Jeb,702
2016-03-21,Jeb,9489
2016-03-22,Jeb,6931
2016-03-23,Jeb,8767
2016-03-24,Jeb,6834
2016-03-25,Jeb,5111
2016-03-26,Jeb,7788
2016-03-27,Jeb,2678
2016-03-28,Jeb,1779
2016-03-29,Jeb,1826
2016-03-30,Jeb,7484
2016-03-31,Jeb,2080
2004-01-16,Jeb,5126
2004-02-16,Jeb,7287
2004-03-16,Jeb,7827
2004-04-16,Jeb,5276
2004-05-16,Jeb,3934
2004-06-16,Jeb,15
2004-07-16,Jeb,1592
2004-08-16,Jeb,7828
2004-09-16,Jeb,189
2004-10-16,Jeb,3808
2004-11-16,Jeb,4670
2004-12-16,Jeb,815
2016-04-13,Jeb,6893
2016-04-14,Jeb,4727
2016-04-15,Jeb,8391
2016-04-16,Jeb,5466
2016-04-17,Jeb,2715
2016-04-18,Jeb,5243
2016-04-19,Jeb,2568
2016-04-20,Jeb,6096
2016-04-21,Jeb,4638
2016-04-22,Jeb,4603
2016-04-23,Jeb,5105
2016-04-24,Jeb,3422
2016-04-25,Jeb,1040
2016-04-26,Jeb,3119
2016-04-27,Jeb,7906
2016-04-28,Jeb,5600
2016-04-29,Jeb,569
2016-04-30,Jeb,5146
2005-01-16,Jeb,7508
2005-02-16,Jeb,922
2005-03-16,Jeb,8545
2005-04-16,Jeb,2359
2005-05-16,Jeb,7211
2005-06-16,Jeb,3302
2005-07-16,Jeb,9843
2005-08-16,Jeb,7850
2005-09-16,Jeb,4043
2005-10-16,Jeb,6722
2005-11-16,Jeb,6445
2005-12-16,Jeb,8409
2016-05-13,Jeb,1786
2016-05-14,Jeb,3388
2016-05-15,Jeb,8606
2016-05-16,Jeb,8973
2016-05-17,Jeb,4886
2016-05-18,Jeb,4557
2016-05-19,Jeb,8643
2016-05-20,Jeb,978
2016-05-21,Jeb,7266
2016-05-22,Jeb,2281
2016-05-23,Jeb,192
2016-05-24,Jeb,6233
2016-05-25,Jeb,6239
2016-05-26,Jeb,279
2016-05-27,Jeb,4812
2016-05-28,Jeb,9866
2016-05-29,Jeb,2184
2016-05-30,Jeb,7834
2016-05-31,Jeb,159
2006-01-16,Jeb,1436
2006-02-16,Jeb,3985
2006-03-16,Jeb,9182
2006-04-16,Jeb,5835
2006-05-16,Jeb,5131
2006-06-16,Jeb,2160
2006-07-16,Jeb,4814
2006-08-16,Jeb,5631
2006-09-16,Jeb,6026
2006-10-16,Jeb,4855
2006-11-16,Jeb,7719
2006-12-16,Jeb,2104
2016-06-13,Jeb,8766
2016-06-14,Jeb,2085
2016-06-15,Jeb,9691
2016-06-16,Jeb,7365
2016-06-17,Jeb,8915
2016-06-18,Jeb,9733
2016-06-19,Jeb,4988
2016-06-20,Jeb,22
2016-06-21,Jeb,7146
2016-06-22,Jeb,4798
2016-06-23,Jeb,7496
2016-06-24,Jeb,2896
2016-06-25,Jeb,6577
2016-06-26,Jeb,2772
2016-06-27,Jeb,3375
2016-06-28,Jeb,9315
2016-06-29,Jeb,3583
2016-06-30,Jeb,6978
2007-01-16,Jeb,9245
2007-02-16,Jeb,2284
2007-03-16,Jeb,5540
2007-04-16,Jeb,9841
2007-05-16,Jeb,1989
2007-06-16,Jeb,6688
2007-07-16,Jeb,4268
2007-08-16,Jeb,9856
2007-09-16,Jeb,8782
2007-10-16,Jeb,6476
2007-11-16,Jeb,6755
2007-12-16,Jeb,4958
2016-07-13,Jeb,3123
2016-07-14,Jeb,7188
2016-07-15,Jeb,6081
2016-07-16,Jeb,6481
2016-07-17,Jeb,5414
2016-07-18,Jeb,8432
2016-07-19,Jeb,5010
2016-07-20,Jeb,8885
2016-07-21,Jeb,7487
2016-07-22,Jeb,2129
2016-07-23,Jeb,3358
2016-07-24,Jeb,765
2016-07-25,Jeb,9078
2016-07-26,Jeb,1592
2016-07-27,Jeb,3145
2016-07-28,Jeb,1408
2016-07-29,Jeb,8799
2016-07-30,Jeb,6039
2016-07-31,Jeb,3518
2008-01-16,Jeb,6598
2008-02-16,Jeb,5318
2008-03-16,Jeb,5807
2008-04-16,Jeb,8916
2008-05-16,Jeb,2370
2008-06-16,Jeb,6956
2008-07-16,Jeb,2053
2008-08-16,Jeb,3300
2008-09-16,Jeb,7183
2008-10-16,Jeb,8487
2008-11-16,Jeb,5793
2008-12-16,Jeb,9939
2016-08-13,Jeb,7069
2016-08-14,Jeb,8502
2016-08-15,Jeb,2432
2016-08-16,Jeb,4817
2016-08-17,Jeb,3910
2016-08-18,Jeb,8704
2016-08-19,Jeb,2437
2016-08-20,Jeb,5427
2016-08-21,Jeb,8221
2016-08-22,Jeb,3997
2016-08-23,Jeb,4590
2016-08-24,Jeb,4113
2016-08-25,Jeb,2531
2016-08-26,Jeb,1090
2016-08-27,Jeb,6052
2016-08-28,Jeb,914
2016-08-29,Jeb,4344
2016-08-30,Jeb,7073
2016-08-31,Jeb,4351
2009-01-16,Jeb,9292
2009-02-16,Jeb,8239
2009-03-16,Jeb,9107
2009-04-16,Jeb,1884
2009-05-16,Jeb,2439
2009-06-16,Jeb,7585
2009-07-16,Jeb,6669
2009-08-16,Jeb,3058
2009-09-16,Jeb,6823
2009-10-16,Jeb,8317
2009-11-16,Jeb,4073
2009-12-16,Jeb,3231
2016-09-13,Jeb,8332
2016-09-14,Jeb,8588
2016-09-15,Jeb,2907
2016-09-16,Jeb,2490
2016-09-17,Jeb,1287
2016-09-18,Jeb,4206
2016-09-19,Jeb,6605
2016-09-20,Jeb,7965
2016-09-21,Jeb,3137
2016-09-22,Jeb,1343
2016-09-23,Jeb,8515
2016-09-24,Jeb,9187
2016-09-25,Jeb,1616
2016-09-26,Jeb,9749
2016-09-27,Jeb,162
2016-09-28,Jeb,4286
2016-09-29,Jeb,6594
2016-09-30,Jeb,8743
2010-01-16,Jeb,6647
2010-02-16,Jeb,1422
2010-03-16,Jeb,5332
2010-04-16,Jeb,5885
2010-05-16,Jeb,8654
2010-06-16,Jeb,3399
2010-07-16,Jeb,1698
2010-08-16,Jeb,374
2010-09-16,Jeb,9333
2010-10-16,Jeb,3267
2010-11-16,Jeb,8541
2010-12-16,Jeb,280
2016-10-13,Jeb,4898
2016-10-14,Jeb,3751
2016-10-15,Jeb,8201
2016-10-16,Jeb,4794
2016-10-17,Jeb,5470
2016-10-18,Jeb,952
2016-10-19,Jeb,774
2016-10-20,Jeb,8701
2016-10-21,Jeb,7782
2016-10-22,Jeb,3787
2016-10-23,Jeb,5680
2016-10-24,Jeb,9212
2016-10-25,Jeb,1755
2016-10-26,Jeb,9736
2016-10-27,Jeb,2262
2016-10-28,Jeb,7606
2016-10-29,Jeb,2514
2016-10-30,Jeb,207
2016-10-31,Jeb,9549
2011-01-16,Jeb,6480
2011-02-16,Jeb,8813
2011-03-16,Jeb,8196
2011-04-16,Jeb,911
2011-05-16,Jeb,1255
2011-06-16,Jeb,8658
2011-07-16,Jeb,5043
2011-08-16,Jeb,3845
2011-09-16,Jeb,1852
2011-10-16,Jeb,1409
2011-11-16,Jeb,3290
2011-12-16,Jeb,944
2016-11-13,Jeb,9658
2016-11-14,Jeb,2120
2016-11-15,Jeb,6837
2016-11-16,Jeb,4392
2016-11-17,Jeb,5771
2016-11-18,Jeb,4516
2016-11-19,Jeb,5264
2016-11-20,Jeb,6488
2016-11-21,Jeb,8503
2016-11-22,Jeb,3578
2016-11-23,Jeb,9172
2016-11-24,Jeb,2329
2016-11-25,Jeb,9428
2016-11-26,Jeb,9739
2016-11-27,Jeb,5969
2016-11-28,Jeb,4745
2016-11-29,Jeb,4033
2016-11-30,Jeb,2721
2012-01-16,Jeb,8290
2012-02-16,Jeb,982
2012-03-16,Jeb,9363
2012-04-16,Jeb,5980
2012-05-16,Jeb,8999
2012-06-16,Jeb,4896
2012-07-16,Jeb,4634
2012-08-16,Jeb,5930
2012-09-16,Jeb,8592
2012-10-16,Jeb,3530
2012-11-16,Jeb,1134
2012-12-16,Jeb,9004
2016-12-13,Jeb,8031
2016-12-14,Jeb,3162
2016-12-15,Jeb,4408
2016-12-16,Jeb,3020
2016-12-17,Jeb,6126
2016-12-18,Jeb,5843
2016-12-19,Jeb,8136
2016-12-20,Jeb,2082
2016-12-21,Jeb,5940
2016-12-22,Jeb,4389
2016-12-23,Jeb,9
2016-12-24,Jeb,8230
2016-12-25,Jeb,6569
2016-12-26,Jeb,1572
2016-12-27,Jeb,6666
2016-12-28,Jeb,1243
2016-12-29,Jeb,3498
2016-12-30,Jeb,8858
2016-12-31,Jeb,9717
2001-01-16,Oscar,5250
2001-02-16,Oscar,8661
2001-03-16,Oscar,7075
2001-04-16,Oscar,2524
2001-05-16,Oscar,2793
2001-06-16,Oscar,7794
2001-07-16,Oscar,9728
2001-08-16,Oscar,5263
2001-09-16,Oscar,7144
2001-10-16,Oscar,7663
2001-11-16,Oscar,8888
2001-12-16,Oscar,3092
2016-01-13,Oscar,6139
2016-01-14,Oscar,5235
2016-01-15,Oscar,5507
2016-01-16,Oscar,4947
2016-01-17,Oscar,3325
2016-01-18,Oscar,2611
2016-01-19,Oscar,1905
2016-01-20,Oscar,6005
2016-01-21,Oscar,2798
2016-01-22,Oscar,879
2016-01-23,Oscar,4245
2016-01-24,Oscar,3798
2016-01-25,Oscar,1143
2016-01-26,Oscar,871
2016-01-27,Oscar,2403
2016-01-28,Oscar,3691
2016-01-29,Oscar,418
2016-01-30,Oscar,7776
2016-01-31,Oscar,6549
2002-01-16,Oscar,9455
2002-02-16,Oscar,7236
2002-03-16,Oscar,9326
2002-04-16,Oscar,7943
2002-05-16,Oscar,5105
2002-06-16,Oscar,6481
2002-07-16,Oscar,6390
2002-08-16,Oscar,7045
2002-09-16,Oscar,7415
2002-10-16,Oscar,2855
2002-11-16,Oscar,7986
2002-12-16,Oscar,667
2016-02-13,Oscar,5482
2016-02-14,Oscar,7485
2016-02-15,Oscar,4367
2016-02-16,Oscar,5437
2016-02-17,Oscar,3632
2016-02-18,Oscar,7933
2016-02-19,Oscar,1760
2016-02-20,Oscar,6920
2016-02-21,Oscar,6650
2016-02-22,Oscar,4570
2016-02-23,Oscar,4592
2016-02-24,Oscar,4075
2016-02-25,Oscar,38
2016-02-26,Oscar,8256
2016-02-27,Oscar,8934
2016-02-28,Oscar,1758
2016-02-29,Oscar,9843
2003-01-16,Oscar,225
2003-02-16,Oscar,8092
2003-03-16,Oscar,1223
2003-04-16,Oscar,33
2003-05-16,Oscar,6630
2003-06-16,Oscar,4383
2003-07-16,Oscar,3165
2003-08-16,Oscar,3400
2003-09-16,Oscar,3947
2003-10-16,Oscar,4434
2003-11-16,Oscar,7632
2003-12-16,Oscar,4646
2016-03-13,Oscar,4487
2016-03-14,Oscar,7582
2016-03-15,Oscar,5053
2016-03-16,Oscar,6954
2016-03-17,Oscar,2101
2016-03-18,Oscar,9418
2016-03-19,Oscar,3472
2016-03-20,Oscar,6319
2016-03-21,Oscar,5442
2016-03-22,Oscar,8125
2016-03-23,Oscar,8284
2016-03-24,Oscar,9901
2016-03-25,Oscar,9425
2016-03-26,Oscar,9779
2016-03-27,Oscar,2300
2016-03-28,Oscar,2569
2016-03-29,Oscar,3969
2016-03-30,Oscar,9397
2016-03-31,Oscar,2411
2004-01-16,Oscar,3227
2004-02-16,Oscar,3841
2004-03-16,Oscar,9146
2004-04-16,Oscar,8485
2004-05-16,Oscar,9474
2004-06-16,Oscar,1937
2004-07-16,Oscar,7403
2004-08-16,Oscar,3696
2004-09-16,Oscar,1407
2004-10-16,Oscar,6931
2004-11-16,Oscar,7289
2004-12-16,Oscar,4053
2016-04-13,Oscar,686
2016-04-14,Oscar,5734
2016-04-15,Oscar,7916
2016-04-16,Oscar,327
2016-04-17,Oscar,8132
2016-04-18,Oscar,5734
2016-04-19,Oscar,8918
2016-04-20,Oscar,9434
2016-04-21,Oscar,1111
2016-04-22,Oscar,9550
2016-04-23,Oscar,1275
2016-04-24,Oscar,1160
2016-04-25,Oscar,7127
2016-04-26,Oscar,8464
2016-04-27,Oscar,3437
2016-04-28,Oscar,8479
2016-04-29,Oscar,8733
2016-04-30,Oscar,267
2005-01-16,Oscar,7621
2005-02-16,Oscar,3402
2005-03-16,Oscar,7598
2005-04-16,Oscar,221
2005-05-16,Oscar,2816
2005-06-16,Oscar,4109
2005-07-16,Oscar,8242
2005-08-16,Oscar,6959
2005-09-16,Oscar,453
2005-10-16,Oscar,4763
2005-11-16,Oscar,3826
2005-12-16,Oscar,9528
2016-05-13,Oscar,2164
2016-05-14,Oscar,9468
2016-05-15,Oscar,9630
2016-05-16,Oscar,9348
2016-05-17,Oscar,7207
2016-05-18,Oscar,8304
2016-05-19,Oscar,4599
2016-05-20,Oscar,5553
2016-05-21,Oscar,2794
2016-05-22,Oscar,1315
2016-05-23,Oscar,8268
2016-05-24,Oscar,3990
2016-05-25,Oscar,3754
2016-05-26,Oscar,3464
2016-05-27,Oscar,6909
2016-05-28,Oscar,6626
2016-05-29,Oscar,8733
2016-05-30,Oscar,2093
2016-05-31,Oscar,4143
2006-01-16,Oscar,6472
2006-02-16,Oscar,991
2006-03-16,Oscar,9639
2006-04-16,Oscar,7926
2006-05-16,Oscar,9847
2006-06-16,Oscar,7661
2006-07-16,Oscar,3824
2006-08-16,Oscar,4963
2006-09-16,Oscar,2335
2006-10-16,Oscar,9522
2006-11-16,Oscar,920
2006-12-16,Oscar,2537
2016-06-13,Oscar,8744
2016-06-14,Oscar,9926
2016-06-15,Oscar,4458
2016-06-16,Oscar,2598
2016-06-17,Oscar,6545
2016-06-18,Oscar,116
2016-06-19,Oscar,2715
2016-06-20,Oscar,8022
2016-06-21,Oscar,6958
2016-06-22,Oscar,5199
2016-06-23,Oscar,7869
2016-06-24,Oscar,5672
2016-06-25,Oscar,8115
2016-06-26,Oscar,2158
2016-06-27,Oscar,5255
2016-06-28,Oscar,103
2016-06-29,Oscar,4779
2016-06-30,Oscar,852
2007-01-16,Oscar,2709
2007-02-16,Oscar,9971
2007-03-16,Oscar,4398
2007-04-16,Oscar,8403
2007-05-16,Oscar,7433
2007-06-16,Oscar,842
2007-07-16,Oscar,3573
2007-08-16,Oscar,2404
2007-09-16,Oscar,3114
2007-10-16,Oscar,2599
2007-11-16,Oscar,4671
2007-12-16,Oscar,4851
2016-07-13,Oscar,5055
2016-07-14,Oscar,4369
2016-07-15,Oscar,5986
2016-07-16,Oscar,9536
2016-07-17,Oscar,3566
2016-07-18,Oscar,1433
2016-07-19,Oscar,5201
2016-07-20,Oscar,6260
2016-07-21,Oscar,3283
2016-07-22,Oscar,67
2016-07-23,Oscar,6056
2016-07-24,Oscar,3672
2016-07-25,Oscar,1434
2016-07-26,Oscar,253
2016-07-27,Oscar,4554
2016-07-28,Oscar,8879
2016-07-29,Oscar,9188
2016-07-30,Oscar,7940
2016-07-31,Oscar,100
2008-01-16,Oscar,4447
2008-02-16,Oscar,871
2008-03-16,Oscar,3909
2008-04-16,Oscar,3344
2008-05-16,Oscar,2061
2008-06-16,Oscar,6355
2008-07-16,Oscar,8506
2008-08-16,Oscar,2342
2008-09-16,Oscar,2728
2008-10-16,Oscar,1008
2008-11-16,Oscar,7222
2008-12-16,Oscar,568
2016-08-13,Oscar,2746
2016-08-14,Oscar,7030
2016-08-15,Oscar,6299
2016-08-16,Oscar,7044
2016-08-17,Oscar,3229
2016-08-18,Oscar,8049
2016-08-19,Oscar,8584
2016-08-20,Oscar,1595
2016-08-21,Oscar,7344
2016-08-22,Oscar,8269
2016-08-23,Oscar,2905
2016-08-24,Oscar,6753
2016-08-25,Oscar,506
2016-08-26,Oscar,6070
2016-08-27,Oscar,4273
2016-08-28,Oscar,303
2016-08-29,Oscar,7106
2016-08-30,Oscar,5289
2016-08-31,Oscar,2695
2009-01-16,Oscar,2213
2009-02-16,Oscar,8628
2009-03-16,Oscar,7592
2009-04-16,Oscar,5668
2009-05-16,Oscar,7743
2009-06-16,Oscar,5072
2009-07-16,Oscar,5230
2009-08-16,Oscar,7755
2009-09-16,Oscar,5684
2009-10-16,Oscar,1837
2009-11-16,Oscar,90
2009-12-16,Oscar,7217
2016-09-13,Oscar,1651
2016-09-14,Oscar,7655
2016-09-15,Oscar,1042
2016-09-16,Oscar,6982
2016-09-17,Oscar,666
2016-09-18,Oscar,2519
2016-09-19,Oscar,2435
2016-09-20,Oscar,4360
2016-09-21,Oscar,8463
2016-09-22,Oscar,4547
2016-09-23,Oscar,2328
2016-09-24,Oscar,5376
2016-09-25,Oscar,9174
2016-09-26,Oscar,1198
2016-09-27,Oscar,7327
2016-09-28,Oscar,5809
2016-09-29,Oscar,2574
2016-09-30,Oscar,2104
2010-01-16,Oscar,6852
2010-02-16,Oscar,2358
2010-03-16,Oscar,6500
2010-04-16,Oscar,4394
2010-05-16,Oscar,5068
2010-06-16,Oscar,3584
2010-07-16,Oscar,6479
2010-08-16,Oscar,1054
2010-09-16,Oscar,6646
2010-10-16,Oscar,1810
2010-11-16,Oscar,2472
2010-12-16,Oscar,2842
2016-10-13,Oscar,418
2016-10-14,Oscar,5563
2016-10-15,Oscar,2456
2016-10-16,Oscar,3432
2016-10-17,Oscar,7879
2016-10-18,Oscar,5684
2016-10-19,Oscar,4317
2016-10-20,Oscar,6151
2016-10-21,Oscar,2569
2016-10-22,Oscar,5251
2016-10-23,Oscar,2263
2016-10-24,Oscar,6670
2016-10-25,Oscar,1037
2016-10-26,Oscar,7211
2016-10-27,Oscar,969
2016-10-28,Oscar,4667
2016-10-29,Oscar,129
2016-10-30,Oscar,620
2016-10-31,Oscar,1766
2011-01-16,Oscar,2262
2011-02-16,Oscar,1620
2011-03-16,Oscar,7441
2011-04-16,Oscar,6715
2011-05-16,Oscar,8440
2011-06-16,Oscar,9181
2011-07-16,Oscar,9424
2011-08-16,Oscar,710
2011-09-16,Oscar,5919
2011-10-16,Oscar,9174
2011-11-16,Oscar,6448
2011-12-16,Oscar,3196
2016-11-13,Oscar,4632
2016-11-14,Oscar,3546
2016-11-15,Oscar,3655
2016-11-16,Oscar,832
2016-11-17,Oscar,3183
2016-11-18,Oscar,1183
2016-11-19,Oscar,3447
2016-11-20,Oscar,509
2016-11-21,Oscar,3143
2016-11-22,Oscar,5637
2016-11-23,Oscar,8001
2016-11-24,Oscar,5578
2016-11-25,Oscar,3460
2016-11-26,Oscar,3292
2016-11-27,Oscar,9674
2016-11-28,Oscar,643
2016-11-29,Oscar,1928
2016-11-30,Oscar,4943
2012-01-16,Oscar,6380
2012-02-16,Oscar,5589
2012-03-16,Oscar,6009
2012-04-16,Oscar,537
2012-05-16,Oscar,3895
2012-06-16,Oscar,3060
2012-07-16,Oscar,295
2012-08-16,Oscar,5038
2012-09-16,Oscar,258
2012-10-16,Oscar,9392
2012-11-16,Oscar,690
2012-12-16,Oscar,5621
2016-12-13,Oscar,3284
2016-12-14,Oscar,2245
2016-12-15,Oscar,3449
2016-12-16,Oscar,1763
2016-12-17,Oscar,1641
2016-12-18,Oscar,1022
2016-12-19,Oscar,3366
2016-12-20,Oscar,364
2016-12-21,Oscar,3579
2016-12-22,Oscar,6476
2016-12-23,Oscar,6495
2016-12-24,Oscar,9346
2016-12-25,Oscar,8321
2016-12-26,Oscar,6172
2016-12-27,Oscar,835
2016-12-28,Oscar,3073
2016-12-29,Oscar,6424
2016-12-30,Oscar,7088
2016-12-31,Oscar,8408
