Date,Currency_code,Country,Local_price,Dollar_price
2000-04-01,ARS,Argentina,2.5,2.5
2000-04-01,AUD,Australia,2.59,1.541666667
2000-04-01,BRL,Brazil,2.95,1.648044693
2000-04-01,CAD,Canada,2.85,1.93877551
2000-04-01,CHF,Switzerland,5.9,3.470588235
2000-04-01,CLP,Chile,1260,2.451361868
2000-04-01,CNY,China,9.9,1.195652174
2001-04-01,ARS,Argentina,2.5,2.5
2001-04-01,AUD,Australia,3,1.515151515
2001-04-01,BRL,Brazil,3.6,1.643835616
2001-04-01,CAD,Canada,3.33,2.134615385
2001-04-01,CHF,Switzerland,6.3,3.641618497
2001-04-01,CLP,Chile,1260,2.096505824
2001-04-01,CNY,China,9.9,1.195652174
2002-04-01,ARS,Argentina,2.5,0.798722045
2002-04-01,AUD,Australia,3,1.612903226
2002-04-01,BRL,Brazil,3.6,1.538461538
2002-04-01,CAD,Canada,3.33,2.121019108
2002-04-01,CHF,Switzerland,6.3,3.795180723
2002-04-01,CLP,Chile,1400,2.13740458
2002-04-01,CNY,China,10.5,1.268115942
2003-04-01,ARS,Argentina,4.1,1.423611111
2003-04-01,AUD,Australia,3,1.863354037
2003-04-01,BRL,Brazil,4.55,1.482084691
2003-04-01,CAD,Canada,3.2,2.206896552
2003-04-01,CHF,Switzerland,6.3,4.598540146
2003-04-01,CLP,Chile,1400,1.955307263
2003-04-01,CNY,China,9.9,1.195652174
2003-04-01,CZK,Czech Republic,56.57,1.957439446
2003-04-01,DKK,Denmark,27.75,4.092920354
2003-04-01,EGP,Egypt,8,1.351351351
2003-04-01,EUR,Euro area,2.71,2.981
2003-04-01,GBP,Britain,1.99,3.144200002
2003-04-01,HKD,Hong Kong,11.5,1.474358974
2003-04-01,HUF,Hungary,490,2.1875
2003-04-01,IDR,Indonesia,16100,1.842105263
2003-04-01,JPY,Japan,262,2.183333333
2003-04-01,KRW,South Korea,3300,2.704918033
2003-04-01,MXN,Mexico,23,2.184235518
2003-04-01,MYR,Malaysia,5.04,1.326315789
2003-04-01,NZD,New Zealand,3.95,2.219101124
2003-04-01,PEN,Peru,7.9,2.283236994
2003-04-01,PHP,Philippines,65,1.238095238
2003-04-01,PLN,Poland,6.3,1.619537275
2003-04-01,RUB,Russia,41,1.318327974
2003-04-01,SGD,Singapore,3.3,1.853932584
2003-04-01,SEK,Sweden,30,3.597122302
2003-04-01,THB,Thailand,59,1.381733021
2003-04-01,TRY,Turkey,3750000,2.343017807
2003-04-01,TWD,Taiwan,70,2.011494253
2003-04-01,USD,United States,2.71,2.71
2003-04-01,ZAR,South Africa,13.95,1.845238095
2004-05-01,ARS,Argentina,4.36,1.477966102
2004-05-01,AUD,Australia,3.25,2.272727273
2004-05-01,BRL,Brazil,5.4,1.698113208
2004-05-01,CAD,Canada,3.19,2.328467153
2004-05-01,CHF,Switzerland,6.3,4.88372093
2004-05-01,CLP,Chile,1400,2.184087363
2004-05-01,CNY,China,10.4,1.256038647
2004-05-01,COP,Colombia,6500,2.346714419
2004-05-01,CRC,Costa Rica,1130,2.606389113
2004-05-01,CZK,Czech Republic,56.42,2.129056604
2004-05-01,DKK,Denmark,27.75,4.461414791
2004-05-01,EGP,Egypt,10,1.615508885
2004-05-01,EUR,Euro area,2.74,3.288000001
2004-05-01,GBP,Britain,1.88,3.365199999
2004-05-01,HKD,Hong Kong,12,1.540436457
2004-05-01,HUF,Hungary,530,2.511848341
2004-05-01,IDR,Indonesia,16100,1.765350877
2004-05-01,JPY,Japan,262,2.318584071
2004-05-01,KRW,South Korea,3200,2.718776551
2004-05-01,LKR,Sri Lanka,140,1.414141414
2004-05-01,MXN,Mexico,24,2.068965517
2004-05-01,MYR,Malaysia,5.04,1.326315789
2004-05-01,NOK,Norway,35.5,5.183162751
2004-05-01,NZD,New Zealand,4.35,2.652439024
2004-05-01,PKR,Pakistan,110,1.904432133
2004-05-01,PEN,Peru,8.99,2.575931232
2004-05-01,PHP,Philippines,69,1.234347048
2004-05-01,PLN,Poland,6.3,1.627906977
2004-05-01,RUB,Russia,42,1.448275862
2004-05-01,SAR,Saudi Arabia,2.4,0.639965868
2004-05-01,SGD,Singapore,3.3,1.929824561
2004-05-01,SEK,Sweden,30,3.94218134
2004-05-01,THB,Thailand,59,1.446078431
2004-05-01,TRY,Turkey,3950000,2.580013063
2004-05-01,TWD,Taiwan,75,2.245508982
2004-05-01,UAH,Ukraine,7.25,1.359842446
2004-05-01,UYU,Uruguay,29.8,1.002185976
2004-05-01,USD,United States,2.9,2.9
2004-05-01,ZAR,South Africa,12.4,1.861861862
2005-06-01,AED,UAE,9,2.450646698
2005-06-01,ARS,Argentina,4.75,1.639627201
2005-06-01,AUD,Australia,3.25,2.497118709
2005-06-01,BRL,Brazil,5.9,2.393703343
2005-06-01,CAD,Canada,3.28,2.625260125
2005-06-01,CHF,Switzerland,6.3,5.0501002
2005-06-01,CLP,Chile,1500,2.531859229
2005-06-01,CNY,China,10.5,1.268667537
2005-06-01,COP,Colombia,6500,2.792456073
2005-06-01,CRC,Costa Rica,1130,2.377445824
2005-06-01,CZK,Czech Republic,56.42,2.299019188
2005-06-01,DKK,Denmark,27.75,4.575659142
2005-06-01,EGP,Egypt,9,1.551724138
2005-06-01,EUR,Euro area,2.92,3.583131998
2005-06-01,GBP,Britain,1.88,3.440400003
2005-06-01,HKD,Hong Kong,12,1.542277687
2005-06-01,HUF,Hungary,530,2.602593755
2005-06-01,IDR,Indonesia,14600,1.529596647
2005-06-01,JPY,Japan,250,2.342688469
2005-06-01,KRW,South Korea,2500,2.486325211
2005-06-01,LKR,Sri Lanka,175,1.75096303
2005-06-01,MXN,Mexico,28,2.576489533
2005-06-01,MYR,Malaysia,5.25,1.381578947
2005-06-01,NOK,Norway,39,6.06286727
2005-06-01,NZD,New Zealand,4.45,3.173358055
2005-06-01,PKR,Pakistan,130,2.18047635
2005-06-01,PEN,Peru,8.99,2.762244208
2005-06-01,PHP,Philippines,80,1.466544455
2005-06-01,PLN,Poland,6.5,1.963983563
2005-06-01,RUB,Russia,42,1.478586893
2005-06-01,SAR,Saudi Arabia,9,2.399936002
2005-06-01,SGD,Singapore,3.6,2.167760583
2005-06-01,SEK,Sweden,31,4.166554663
2005-06-01,THB,Thailand,60,1.4803849
2005-06-01,TRY,Turkey,4,2.92184076
2005-06-01,TWD,Taiwan,75,2.405773857
2005-06-01,UAH,Ukraine,7.25,1.432806324
2005-06-01,UYU,Uruguay,44,1.823834197
2005-06-01,USD,United States,3.06,3.06
2005-06-01,ZAR,South Africa,13.95,2.098312325
2006-01-01,ARS,Argentina,4.75,1.550362295
2006-01-01,AUD,Australia,3.25,2.442140066
2006-01-01,BRL,Brazil,6.2,2.741543224
2006-01-01,CAD,Canada,3.52,3.007518797
2006-01-01,CHF,Switzerland,6.3,4.931120852
2006-01-01,CLP,Chile,1560,2.984218077
2006-01-01,CNY,China,10.5,1.302067187
2006-01-01,CZK,Czech Republic,62,2.600943891
2006-01-01,DKK,Denmark,27.75,4.492544804
2006-01-01,EGP,Egypt,9.25,1.611498258
2006-01-01,EUR,Euro area,2.91,3.513825
2006-01-01,GBP,Britain,1.88,3.316131998
2006-01-01,HKD,Hong Kong,12,1.548147384
2006-01-01,HUF,Hungary,560,2.705889175
2006-01-01,IDR,Indonesia,14600,1.543340381
2006-01-01,JPY,Japan,250,2.187130922
2006-01-01,KRW,South Korea,2500,2.557675584
2006-01-01,MXN,Mexico,28,2.655916528
2006-01-01,MYR,Malaysia,5.5,1.46713615
2006-01-01,NZD,New Zealand,4.45,3.075965992
2006-01-01,PEN,Peru,9.5,2.756819501
2006-01-01,PHP,Philippines,82,1.559528338
2006-01-01,PLN,Poland,6.5,2.086610382
2006-01-01,RUB,Russia,46,1.604464597
2006-01-01,SGD,Singapore,3.6,2.20143093
2006-01-01,SEK,Sweden,33,4.279101129
2006-01-01,THB,Thailand,60,1.50924412
2006-01-01,TRY,Turkey,4.1,3.067714179
2006-01-01,TWD,Taiwan,75,2.347454577
2006-01-01,USD,United States,3.15,3.15
2006-01-01,ZAR,South Africa,13.95,2.294294689
2006-05-01,AED,UAE,9,2.450579971
2006-05-01,ARS,Argentina,7,2.290201211
2006-05-01,AUD,Australia,3.25,2.438969479
2006-05-01,BRL,Brazil,6.4,2.777175092
2006-05-01,CAD,Canada,3.52,3.141594895
2006-05-01,CHF,Switzerland,6.3,5.21156471
2006-05-01,CLP,Chile,1560,2.943673932
2006-05-01,CNY,China,10.5,1.308248193
2006-05-01,COP,Colombia,6500,2.596261384
2006-05-01,CRC,Costa Rica,1130,2.217708303
2006-05-01,CZK,Czech Republic,59.05,2.671002994
2006-05-01,DKK,Denmark,27.75,4.769475358
2006-05-01,EGP,Egypt,9.5,1.646233159
2006-05-01,EUR,Euro area,2.939573529,3.766916497
2006-05-01,GBP,Britain,1.94,3.647976002
2006-05-01,HKD,Hong Kong,12,1.547728064
2006-05-01,HUF,Hungary,560,2.713909367
2006-05-01,IDR,Indonesia,14600,1.565683646
2006-05-01,JPY,Japan,250,2.230052183
2006-05-01,KRW,South Korea,2500,2.624947501
2006-05-01,LKR,Sri Lanka,190,1.845466466
2006-05-01,MXN,Mexico,29,2.565667826
2006-05-01,MYR,Malaysia,5.5,1.515360242
2006-05-01,NOK,Norway,43,7.046523442
2006-05-01,NZD,New Zealand,4.45,2.745202065
2006-05-01,PKR,Pakistan,130,2.164682374
2006-05-01,PEN,Peru,9.5,2.913216805
2006-05-01,PHP,Philippines,85,1.6152019
2006-05-01,PLN,Poland,6.5,2.097349273
2006-05-01,RUB,Russia,48,1.773590134
2006-05-01,SAR,Saudi Arabia,9,2.400640171
2006-05-01,SGD,Singapore,3.6,2.268002268
2006-05-01,SEK,Sweden,33,4.530135698
2006-05-01,THB,Thailand,60,1.560671089
2006-05-01,TRY,Turkey,4.2,2.724618878
2006-05-01,TWD,Taiwan,75,2.333468156
2006-05-01,UAH,Ukraine,8.5,1.683168317
2006-05-01,UYU,Uruguay,42.28,1.767189133
2006-05-01,USD,United States,3.1,3.1
2006-05-01,ZAR,South Africa,13.95,2.114597544
2007-01-01,AED,UAE,10,2.722866634
2007-01-01,ARS,Argentina,8.25,2.670983408
2007-01-01,AUD,Australia,3.45,2.723257806
2007-01-01,BRL,Brazil,6.4,2.999765643
2007-01-01,CAD,Canada,3.63,3.089756139
2007-01-01,CHF,Switzerland,6.3,5.046055266
2007-01-01,CLP,Chile,1670,3.091733778
2007-01-01,CNY,China,11,1.414918385
2007-01-01,COP,Colombia,6900,3.081285655
2007-01-01,CRC,Costa Rica,1130,2.217708303
2007-01-01,CZK,Czech Republic,52.1,2.423126205
2007-01-01,DKK,Denmark,27.75,4.823528389
2007-01-01,EGP,Egypt,9.09,1.594736842
2007-01-01,EUR,Euro area,2.94,3.809210998
2007-01-01,GBP,Britain,1.94,3.833731
2007-01-01,HKD,Hong Kong,12,1.538767319
2007-01-01,HUF,Hungary,590,3.034609464
2007-01-01,IDR,Indonesia,15900,1.749174917
2007-01-01,JPY,Japan,280,2.302915656
2007-01-01,KRW,South Korea,2900,3.084614157
2007-01-01,LKR,Sri Lanka,190,1.845466466
2007-01-01,MXN,Mexico,29,2.663140302
2007-01-01,MYR,Malaysia,5.5,1.570531125
2007-01-01,NOK,Norway,41.5,6.800714485
2007-01-01,NZD,New Zealand,4.6,3.22137875
2007-01-01,PKR,Pakistan,140,2.331196403
2007-01-01,PEN,Peru,9.5,2.97852328
2007-01-01,PHP,Philippines,85,1.732925586
2007-01-01,PLN,Poland,6.9,2.321864221
2007-01-01,RUB,Russia,49,1.846722068
2007-01-01,SAR,Saudi Arabia,9,2.400640171
2007-01-01,SGD,Singapore,3.6,2.340778309
2007-01-01,SEK,Sweden,32,4.544647612
2007-01-01,THB,Thailand,62,1.756373938
2007-01-01,TRY,Turkey,4.55,3.22752261
2007-01-01,TWD,Taiwan,75,2.277869736
2007-01-01,UAH,Ukraine,9,1.782178218
2007-01-01,UYU,Uruguay,55,2.298850575
2007-01-01,USD,United States,3.22,3.22
2007-01-01,ZAR,South Africa,15.5,2.180104786
2007-06-01,AED,UAE,10,2.722681297
2007-06-01,ARS,Argentina,8.25,2.668607472
2007-06-01,AUD,Australia,3.45,2.948717949
2007-06-01,BRL,Brazil,6.9,3.606900157
2007-06-01,CAD,Canada,3.88,3.683136361
2007-06-01,CHF,Switzerland,6.3,5.201453104
2007-06-01,CLP,Chile,1565,2.971048885
2007-06-01,CNY,China,11,1.446473891
2007-06-01,COP,Colombia,6900,3.527607362
2007-06-01,CRC,Costa Rica,1130,2.178838274
2007-06-01,CZK,Czech Republic,52.9,2.505120343
2007-06-01,DKK,Denmark,27.75,5.082138344
2007-06-01,EGP,Egypt,9.54,1.676551997
2007-06-01,EUR,Euro area,3.057482443,4.166889949
2007-06-01,GBP,Britain,1.99,4.007163503
2007-06-01,HKD,Hong Kong,12,1.53540058
2007-06-01,HUF,Hungary,600,3.329437891
2007-06-01,IDR,Indonesia,15900,1.763727121
2007-06-01,JPY,Japan,280,2.289171402
2007-06-01,KRW,South Korea,2900,3.143631436
2007-06-01,LKR,Sri Lanka,210,1.885098743
2007-06-01,MXN,Mexico,29,2.693277487
2007-06-01,MYR,Malaysia,5.5,1.601397583
2007-06-01,NOK,Norway,40,6.880063297
2007-06-01,NZD,New Zealand,4.6,3.594592483
2007-06-01,PKR,Pakistan,140,2.319032632
2007-06-01,PEN,Peru,9.5,2.999684244
2007-06-01,PHP,Philippines,85,1.851952721
2007-06-01,PLN,Poland,6.9,2.50740411
2007-06-01,RUB,Russia,52,2.027428772
2007-06-01,SAR,Saudi Arabia,9,2.399712035
2007-06-01,SGD,Singapore,3.95,2.592288761
2007-06-01,SEK,Sweden,33,4.858907629
2007-06-01,THB,Thailand,62,1.799448556
2007-06-01,TRY,Turkey,4.75,3.659194207
2007-06-01,TWD,Taiwan,75,2.28864375
2007-06-01,UAH,Ukraine,9.25,1.839880656
2007-06-01,UYU,Uruguay,62,2.58926707
2007-06-01,USD,United States,3.41,3.41
2007-06-01,ZAR,South Africa,15.5,2.223497346
2008-06-01,AED,UAE,10,2.722681297
2008-06-01,ARS,Argentina,11,3.64298725
2008-06-01,AUD,Australia,3.45,3.362573099
2008-06-01,BRL,Brazil,7.5,4.733055661
2008-06-01,CAD,Canada,4.09,4.075531862
2008-06-01,CHF,Switzerland,6.5,6.35914494
2008-06-01,CLP,Chile,1550,3.133528758
2008-06-01,CNY,China,12.5,1.829089845
2008-06-01,COP,Colombia,7000,3.891807745
2008-06-01,CRC,Costa Rica,1800,3.266669086
2008-06-01,CZK,Czech Republic,66.08,4.55788577
2008-06-01,DKK,Denmark,28,5.951874841
2008-06-01,EGP,Egypt,13,2.447058824
2008-06-01,EUR,Euro area,3.36856,5.342704588
2008-06-01,GBP,Britain,2.29,4.570496503
2008-06-01,HKD,Hong Kong,13.3,1.705696771
2008-06-01,HUF,Hungary,670,4.644462899
2008-06-01,IDR,Indonesia,18700,2.043269231
2008-06-01,JPY,Japan,280,2.620373403
2008-06-01,KRW,South Korea,3200,3.143264083
2008-06-01,LKR,Sri Lanka,210,1.952580195
2008-06-01,MXN,Mexico,32,3.146973497
2008-06-01,MYR,Malaysia,5.5,1.69857937
2008-06-01,NOK,Norway,40,7.875333471
2008-06-01,NZD,New Zealand,4.9,3.718600592
2008-06-01,PKR,Pakistan,140,1.97461213
2008-06-01,PEN,Peru,9.5,3.345070423
2008-06-01,PHP,Philippines,87,1.95571541
2008-06-01,PLN,Poland,7,3.445814566
2008-06-01,RUB,Russia,59,2.539425659
2008-06-01,SAR,Saudi Arabia,10,2.666986705
2008-06-01,SGD,Singapore,3.95,2.919977823
2008-06-01,SEK,Sweden,38,6.37492975
2008-06-01,THB,Thailand,62,1.858513189
2008-06-01,TRY,Turkey,5.15,4.317753092
2008-06-01,TWD,Taiwan,75,2.470152326
2008-06-01,UAH,Ukraine,11,2.391304348
2008-06-01,UYU,Uruguay,61,3.18537859
2008-06-01,USD,United States,3.57,3.57
2008-06-01,ZAR,South Africa,16.95,2.241100056
2009-07-01,AED,UAE,10,2.722570106
2009-07-01,ARS,Argentina,11.5,3.017382748
2009-07-01,AUD,Australia,4.34,3.372445411
2009-07-01,BRL,Brazil,8.03,4.020830204
2009-07-01,CAD,Canada,3.89,3.350992807
2009-07-01,CHF,Switzerland,6.5,5.984991483
2009-07-01,CLP,Chile,1750,3.190228785
2009-07-01,CNY,China,12.5,1.82943785
2009-07-01,COP,Colombia,7000,3.340332124
2009-07-01,CRC,Costa Rica,2000,3.433063838
2009-07-01,CZK,Czech Republic,67.92,3.63956906
2009-07-01,DKK,Denmark,29.5,5.526932084
2009-07-01,EGP,Egypt,13,2.327767581
2009-07-01,EUR,Euro area,3.31,4.617118998
2009-07-01,GBP,Britain,2.29,3.688274001
2009-07-01,HKD,Hong Kong,13.3,1.716018321
2009-07-01,HUF,Hungary,720,3.615225522
2009-07-01,IDR,Indonesia,20900,2.049019608
2009-07-01,ILS,Israel,15,3.774297037
2009-07-01,JPY,Japan,320,3.457030195
2009-07-01,KRW,South Korea,3400,2.586534804
2009-07-01,LKR,Sri Lanka,210,1.828312729
2009-07-01,MXN,Mexico,33,2.389503563
2009-07-01,MYR,Malaysia,6.77,1.879511383
2009-07-01,NOK,Norway,40,6.145101202
2009-07-01,NZD,New Zealand,4.9,3.077212924
2009-07-01,PKR,Pakistan,190,2.300242131
2009-07-01,PEN,Peru,8.056,2.661029266
2009-07-01,PHP,Philippines,99.39,2.054149013
2009-07-01,PLN,Poland,7.6,2.408683939
2009-07-01,RUB,Russia,67,2.042938294
2009-07-01,SAR,Saudi Arabia,11,2.933020478
2009-07-01,SGD,Singapore,4.22,2.881529532
2009-07-01,SEK,Sweden,39,4.930997642
2009-07-01,THB,Thailand,64.49,1.887604273
2009-07-01,TRY,Turkey,5.65,3.645043708
2009-07-01,TWD,Taiwan,75,2.260704436
2009-07-01,UAH,Ukraine,14,1.82767624
2009-07-01,UYU,Uruguay,61,2.632714717
2009-07-01,USD,United States,3.57,3.57
2009-07-01,ZAR,South Africa,17.95,2.167743494
2010-01-01,AED,UAE,11,2.994827117
2010-01-01,ARS,Argentina,7,1.842832697
2010-01-01,AUD,Australia,4.35,3.977870239
2010-01-01,BRL,Brazil,8.2,4.75831254
2010-01-01,CAD,Canada,4.12,3.973765432
2010-01-01,CHF,Switzerland,6.5,6.303641565
2010-01-01,CLP,Chile,1600,3.18028225
2010-01-01,CNY,China,12.5,1.830911648
2010-01-01,COP,Colombia,8200,3.912960489
2010-01-01,CRC,Costa Rica,2050,3.518890434
2010-01-01,CZK,Czech Republic,67.64,3.714432415
2010-01-01,DKK,Denmark,30.94,5.99385891
2010-01-01,EGP,Egypt,13,2.378774016
2010-01-01,EUR,Euro area,3.36,4.843943997
2010-01-01,GBP,Britain,2.29,3.671328
2010-01-01,HKD,Hong Kong,14.8,1.908064797
2010-01-01,HUF,Hungary,720,3.857470742
2010-01-01,IDR,Indonesia,20900,2.24248927
2010-01-01,ILS,Israel,14.9,3.991962492
2010-01-01,JPY,Japan,320,3.495739567
2010-01-01,KRW,South Korea,3400,2.981148619
2010-01-01,LKR,Sri Lanka,210,1.828312729
2010-01-01,MXN,Mexico,32,2.497317335
2010-01-01,MYR,Malaysia,7.05,2.081180812
2010-01-01,NOK,Norway,40,7.023026749
2010-01-01,NZD,New Zealand,4.9,3.611305598
2010-01-01,PKR,Pakistan,200,2.421307506
2010-01-01,PEN,Peru,8.056,2.806479707
2010-01-01,PHP,Philippines,101.52,2.210801394
2010-01-01,PLN,Poland,8.1,2.85648793
2010-01-01,RUB,Russia,70,2.339024961
2010-01-01,SAR,Saudi Arabia,10,2.666524452
2010-01-01,SGD,Singapore,4.45,3.188706961
2010-01-01,SEK,Sweden,39,5.506841191
2010-01-01,THB,Thailand,70,2.11256979
2010-01-01,TRY,Turkey,5.65,3.831677461
2010-01-01,TWD,Taiwan,75,2.355342702
2010-01-01,UAH,Ukraine,14,1.82767624
2010-01-01,UYU,Uruguay,77,3.32326284
2010-01-01,USD,United States,3.58,3.58
2010-01-01,ZAR,South Africa,17.95,2.457389281
2010-07-01,AED,UAE,11,2.994949426
2010-07-01,ARS,Argentina,14,3.558945027
2010-07-01,AUD,Australia,4.35,3.8369175
2010-07-01,BRL,Brazil,8.71,4.907180484
2010-07-01,CAD,Canada,4.17,4.000575622
2010-07-01,CHF,Switzerland,6.5,6.185468906
2010-07-01,CLP,Chile,1750,3.34192686
2010-07-01,CNY,China,13.2,1.947793239
2010-07-01,COP,Colombia,8200,4.388664401
2010-07-01,CRC,Costa Rica,2000,3.830573724
2010-07-01,CZK,Czech Republic,67.64,3.425226357
2010-07-01,DKK,Denmark,28.5,4.902255898
2010-07-01,EGP,Egypt,13,2.281101948
2010-07-01,EUR,Euro area,3.380031071,4.332523827
2010-07-01,GBP,Britain,2.29,3.483548
2010-07-01,HKD,Hong Kong,14.8,1.90373286
2010-07-01,HUF,Hungary,740,3.333796611
2010-07-01,IDR,Indonesia,22780,2.513516496
2010-07-01,ILS,Israel,14.9,3.858204511
2010-07-01,JPY,Japan,320,3.670566644
2010-07-01,KRW,South Korea,3400,2.822865208
2010-07-01,LKR,Sri Lanka,210,1.86211483
2010-07-01,MXN,Mexico,32,2.503520576
2010-07-01,MYR,Malaysia,7.05,2.193869613
2010-07-01,NOK,Norway,45,7.204322594
2010-07-01,NZD,New Zealand,5,3.59
2010-07-01,PKR,Pakistan,210,2.455422391
2010-07-01,PEN,Peru,10,3.536693192
2010-07-01,PHP,Philippines,102,2.194964493
2010-07-01,PLN,Poland,8.3,2.596265132
2010-07-01,RUB,Russia,71,2.332208289
2010-07-01,SAR,Saudi Arabia,10,2.666346705
2010-07-01,SGD,Singapore,4.23,3.078154563
2010-07-01,SEK,Sweden,48.4,6.564002414
2010-07-01,THB,Thailand,70,2.166847237
2010-07-01,TRY,Turkey,5.95,3.890668933
2010-07-01,TWD,Taiwan,75,2.336048341
2010-07-01,UAH,Ukraine,14.5,1.835675402
2010-07-01,UYU,Uruguay,79,3.744075829
2010-07-01,USD,United States,3.733333333,3.733333333
2010-07-01,ZAR,South Africa,18.45,2.448085982
2011-07-01,AED,UAE,12,3.267039654
2011-07-01,ARS,Argentina,20,4.83968542
2011-07-01,AUD,Australia,4.56,4.943724001
2011-07-01,BRL,Brazil,9.5,6.162428646
2011-07-01,CAD,Canada,4.73,5.000792938
2011-07-01,CHF,Switzerland,6.5,8.063015568
2011-07-01,CLP,Chile,1850,3.997839006
2011-07-01,CNY,China,14.65,2.273079907
2011-07-01,COP,Colombia,8400,4.74442248
2011-07-01,CRC,Costa Rica,2050,4.065000347
2011-07-01,CZK,Czech Republic,69.32,4.072400848
2011-07-01,DKK,Denmark,28.5,5.482403409
2011-07-01,EGP,Egypt,14.09,2.363300906
2011-07-01,EUR,Euro area,3.437660401,4.928401836
2011-07-01,GBP,Britain,2.39,3.891637
2011-07-01,HKD,Hong Kong,15.1,1.937934752
2011-07-01,HUF,Hungary,760,4.040996978
2011-07-01,IDR,Indonesia,22534,2.643904728
2011-07-01,INR,India,84,1.891891892
2011-07-01,ILS,Israel,15.9,4.671867425
2011-07-01,JPY,Japan,320,4.083455624
2011-07-01,KRW,South Korea,3700,3.503124408
2011-07-01,LKR,Sri Lanka,280,2.557661567
2011-07-01,MXN,Mexico,32,2.741897479
2011-07-01,MYR,Malaysia,7.2,2.421796165
2011-07-01,NOK,Norway,45,8.311707502
2011-07-01,NZD,New Zealand,5.1,4.411500001
2011-07-01,PKR,Pakistan,205.13,2.375702125
2011-07-01,PEN,Peru,10,3.652968037
2011-07-01,PHP,Philippines,118,2.78236265
2011-07-01,PLN,Poland,8.63,3.085669336
2011-07-01,RUB,Russia,75,2.702459238
2011-07-01,SAR,Saudi Arabia,10,2.666524452
2011-07-01,SGD,Singapore,4.41,3.653535479
2011-07-01,SEK,Sweden,48.4,7.639853517
2011-07-01,THB,Thailand,70,2.352941176
2011-07-01,TRY,Turkey,6.5,3.772818295
2011-07-01,TWD,Taiwan,75,2.601095928
2011-07-01,UAH,Ukraine,16.5,2.064048036
2011-07-01,UYU,Uruguay,90,4.87804878
2011-07-01,USD,United States,4.065,4.065
2011-07-01,ZAR,South Africa,19.45,2.873457087
2012-01-01,AED,UAE,12,3.267084127
2012-01-01,ARS,Argentina,20,4.636606004
2012-01-01,AUD,Australia,4.8,4.93656
2012-01-01,BRL,Brazil,10.25,5.67867036
2012-01-01,CAD,Canada,4.73,4.632939909
2012-01-01,CHF,Switzerland,6.5,6.805570097
2012-01-01,CLP,Chile,2050,4.050983104
2012-01-01,CNY,China,15.4,2.438445095
2012-01-01,COP,Colombia,8400,4.535269822
2012-01-01,CRC,Costa Rica,2050,4.023236645
2012-01-01,CZK,Czech Republic,70.22,3.448013415
2012-01-01,DKK,Denmark,31.5,5.37418854
2012-01-01,EGP,Egypt,15.5,2.567500414
2012-01-01,EUR,Euro area,3.49245637,4.430704775
2012-01-01,GBP,Britain,2.49,3.823395002
2012-01-01,HKD,Hong Kong,16.5,2.124276619
2012-01-01,HUF,Hungary,645,2.625214062
2012-01-01,IDR,Indonesia,22534,2.460043668
2012-01-01,INR,India,84,1.6183412
2012-01-01,ILS,Israel,15.9,4.131479797
2012-01-01,JPY,Japan,320,4.160166407
2012-01-01,KRW,South Korea,3700,3.193096009
2012-01-01,LKR,Sri Lanka,290,2.545422628
2012-01-01,MXN,Mexico,37,2.703808716
2012-01-01,MYR,Malaysia,7.35,2.341099839
2012-01-01,NOK,Norway,41,6.788191857
2012-01-01,NZD,New Zealand,5.1,4.047615
2012-01-01,PKR,Pakistan,260,2.887284842
2012-01-01,PEN,Peru,10,3.714020427
2012-01-01,PHP,Philippines,118,2.681513464
2012-01-01,PLN,Poland,9.1,2.584896817
2012-01-01,RUB,Russia,81,2.549631248
2012-01-01,SAR,Saudi Arabia,10,2.666524452
2012-01-01,SGD,Singapore,4.85,3.75154703
2012-01-01,SEK,Sweden,41,5.913063544
2012-01-01,THB,Thailand,78,2.456692913
2012-01-01,TRY,Turkey,6.6,3.54276819
2012-01-01,TWD,Taiwan,75,2.501709501
2012-01-01,UAH,Ukraine,17,2.114296375
2012-01-01,UYU,Uruguay,90,4.627249357
2012-01-01,USD,United States,4.19722,4.19722
2012-01-01,ZAR,South Africa,19.95,2.453753813
2012-07-01,AED,UAE,12,3.267128602
2012-07-01,ARS,Argentina,19,4.160963592
2012-07-01,AUD,Australia,4.56,4.680155999
2012-07-01,BRL,Brazil,10.08,4.935974341
2012-07-01,CAD,Canada,5.12,5.022315955
2012-07-01,CHF,Switzerland,6.5,6.56167979
2012-07-01,CLP,Chile,2050,4.157793327
2012-07-01,CNY,China,15.65,2.44971433
2012-07-01,COP,Colombia,8600,4.765929148
2012-07-01,CZK,Czech Republic,70.33,3.34141011
2012-07-01,DKK,Denmark,28.5,4.645022492
2012-07-01,EGP,Egypt,16,2.637435094
2012-07-01,EUR,Euro area,3.583482241,4.344434693
2012-07-01,GBP,Britain,2.69,4.1623715
2012-07-01,HKD,Hong Kong,16.5,2.126795692
2012-07-01,HUF,Hungary,830,3.484245961
2012-07-01,IDR,Indonesia,24200,2.552069602
2012-07-01,INR,India,89,1.584616754
2012-07-01,ILS,Israel,11.9,2.919349893
2012-07-01,JPY,Japan,320,4.091025313
2012-07-01,KRW,South Korea,3700,3.214596003
2012-07-01,LKR,Sri Lanka,290,2.213740458
2012-07-01,MXN,Mexico,37,2.703295098
2012-07-01,MYR,Malaysia,7.4,2.331810304
2012-07-01,NOK,Norway,43,7.058379363
2012-07-01,NZD,New Zealand,5.1,4.004520001
2012-07-01,PKR,Pakistan,285,3.012525765
2012-07-01,PHP,Philippines,118,2.796208531
2012-07-01,PLN,Poland,9.1,2.629791784
2012-07-01,RUB,Russia,75,2.289010461
2012-07-01,SAR,Saudi Arabia,10,2.666488901
2012-07-01,SGD,Singapore,4.4,3.496225665
2012-07-01,SEK,Sweden,39.97301987,5.728681352
2012-07-01,THB,Thailand,82,2.586750789
2012-07-01,TRY,Turkey,8.25,4.515846516
2012-07-01,TWD,Taiwan,75,2.483813813
2012-07-01,UAH,Ukraine,15,1.85517284
2012-07-01,UYU,Uruguay,99,4.526748971
2012-07-01,USD,United States,4.3275,4.3275
2012-07-01,ZAR,South Africa,19.95,2.355844739
2013-01-01,AED,UAE,12,3.267039654
2013-01-01,ARS,Argentina,19,3.817944338
2013-01-01,AUD,Australia,4.7,4.900454998
2013-01-01,BRL,Brazil,11.25,5.64376552
2013-01-01,CAD,Canada,5.41,5.394356367
2013-01-01,CHF,Switzerland,6.5,7.124849282
2013-01-01,CLP,Chile,2050,4.345521993
2013-01-01,CNY,China,16,2.572181853
2013-01-01,COP,Colombia,8600,4.850057101
2013-01-01,CRC,Costa Rica,2200,4.392708105
2013-01-01,CZK,Czech Republic,70.33,3.722158566
2013-01-01,DKK,Denmark,28.5,5.183750307
2013-01-01,EGP,Egypt,16,2.393149609
2013-01-01,EUR,Euro area,3.594849572,4.878031129
2013-01-01,GBP,Britain,2.69,4.248182498
2013-01-01,HKD,Hong Kong,17,2.190975757
2013-01-01,HUF,Hungary,830,3.816629792
2013-01-01,IDR,Indonesia,27939,2.860404402
2013-01-01,INR,India,89,1.666822736
2013-01-01,ILS,Israel,14.9,4.00048328
2013-01-01,JPY,Japan,320,3.513973535
2013-01-01,KRW,South Korea,3700,3.408645984
2013-01-01,LKR,Sri Lanka,350,2.767892448
2013-01-01,MXN,Mexico,37,2.904603404
2013-01-01,MYR,Malaysia,7.95,2.578657152
2013-01-01,NOK,Norway,43,7.842279003
2013-01-01,NZD,New Zealand,5.2,4.324580001
2013-01-01,PKR,Pakistan,290,2.969333948
2013-01-01,PEN,Peru,10,3.907013088
2013-01-01,PHP,Philippines,118,2.906403941
2013-01-01,PLN,Poland,9.1,2.943078913
2013-01-01,RUB,Russia,72.88,2.425694791
2013-01-01,SAR,Saudi Arabia,11,2.933176897
2013-01-01,SGD,Singapore,4.5,3.644167308
2013-01-01,SEK,Sweden,40.55930138,6.388096355
2013-01-01,THB,Thailand,87,2.92387834
2013-01-01,TRY,Turkey,8.45,4.777385159
2013-01-01,TWD,Taiwan,75,2.542200529
2013-01-01,UAH,Ukraine,19,2.333005894
2013-01-01,UYU,Uruguay,105,5.446058091
2013-01-01,USD,United States,4.367395833,4.367395833
2013-01-01,ZAR,South Africa,20.9,2.310158063
2013-07-01,AED,UAE,12,3.267084127
2013-07-01,ARS,Argentina,21,3.879907621
2013-07-01,AUD,Australia,5.035,4.619864251
2013-07-01,BRL,Brazil,12,5.284830335
2013-07-01,CAD,Canada,5.53,5.260404281
2013-07-01,CHF,Switzerland,6.5,6.719040728
2013-07-01,CLP,Chile,2000,3.935806988
2013-07-01,CNY,China,16,2.608369606
2013-07-01,COP,Colombia,8600,4.476834982
2013-07-01,CRC,Costa Rica,2150,4.311425277
2013-07-01,CZK,Czech Republic,70.45,3.490595953
2013-07-01,DKK,Denmark,28.5,4.913284833
2013-07-01,EGP,Egypt,16.75,2.38973342
2013-07-01,EUR,Euro area,3.623870489,4.659391484
2013-07-01,GBP,Britain,2.69,4.020070499
2013-07-01,HKD,Hong Kong,17,2.191667795
2013-07-01,HUF,Hungary,860,3.76430216
2013-07-01,IDR,Indonesia,27939,2.803712995
2013-07-01,INR,India,90,1.500500167
2013-07-01,ILS,Israel,17.5,4.799846405
2013-07-01,JPY,Japan,320,3.196643524
2013-07-01,KRW,South Korea,3900,3.434005459
2013-07-01,LKR,Sri Lanka,370,2.828746177
2013-07-01,MXN,Mexico,37,2.859096757
2013-07-01,MYR,Malaysia,7.3,2.295236598
2013-07-01,NOK,Norway,46,7.506404922
2013-07-01,NZD,New Zealand,5.5,4.299075001
2013-07-01,PKR,Pakistan,300,2.998950367
2013-07-01,PEN,Peru,10,3.5932447
2013-07-01,PHP,Philippines,115.21,2.652163904
2013-07-01,PLN,Poland,9.2,2.733620562
2013-07-01,RUB,Russia,87,2.641253958
2013-07-01,SAR,Saudi Arabia,10,2.666524452
2013-07-01,SGD,Singapore,4.7,3.687142073
2013-07-01,SEK,Sweden,41.61,6.15687377
2013-07-01,THB,Thailand,89,2.845723421
2013-07-01,TRY,Turkey,8.5,4.342384224
2013-07-01,TWD,Taiwan,79,2.630834041
2013-07-01,UAH,Ukraine,19,2.329858982
2013-07-01,UYU,Uruguay,105,4.979843491
2013-07-01,USD,United States,4.556666667,4.556666667
2013-07-01,ZAR,South Africa,22.5,2.239418746
2014-01-01,AED,UAE,12,3.267084127
2014-01-01,ARS,Argentina,21,3.034134008
2014-01-01,AUD,Australia,5.05,4.473542499
2014-01-01,BRL,Brazil,12.4,5.247455619
2014-01-01,CAD,Canada,5.54,5.013120985
2014-01-01,CHF,Switzerland,6.5,7.1424647
2014-01-01,CLP,Chile,2000,3.690377341
2014-01-01,CNY,China,16.6,2.743212202
2014-01-01,COP,Colombia,8600,4.337311724
2014-01-01,CRC,Costa Rica,2150,4.283551164
2014-01-01,CZK,Czech Republic,70.45,3.473215078
2014-01-01,DKK,Denmark,28.5,5.180499509
2014-01-01,EGP,Egypt,16.93,2.432121822
2014-01-01,EUR,Euro area,3.657962724,4.961843535
2014-01-01,GBP,Britain,2.79,4.6267965
2014-01-01,HKD,Hong Kong,18,2.320230476
2014-01-01,HUF,Hungary,860,3.854824616
2014-01-01,IDR,Indonesia,27939,2.301400329
2014-01-01,INR,India,95,1.53609831
2014-01-01,ILS,Israel,17.5,5.016914168
2014-01-01,JPY,Japan,310,2.97376373
2014-01-01,KRW,South Korea,3700,3.466691652
2014-01-01,LKR,Sri Lanka,350,2.675840979
2014-01-01,MXN,Mexico,37,2.775121412
2014-01-01,MYR,Malaysia,7.4,2.226568377
2014-01-01,NOK,Norway,48,7.795434798
2014-01-01,NZD,New Zealand,5.5,4.571874999
2014-01-01,PKR,Pakistan,320,3.035621117
2014-01-01,PEN,Peru,10,3.563156957
2014-01-01,PHP,Philippines,135,2.984744639
2014-01-01,PLN,Poland,9.2,2.998305306
2014-01-01,RUB,Russia,89,2.62233255
2014-01-01,SAR,Saudi Arabia,11,2.933020478
2014-01-01,SGD,Singapore,4.6,3.596981663
2014-01-01,SEK,Sweden,40.7,6.287510717
2014-01-01,THB,Thailand,96,2.920152091
2014-01-01,TRY,Turkey,8.5,3.758484225
2014-01-01,TWD,Taiwan,79,2.619276549
2014-01-01,UAH,Ukraine,19,2.267573696
2014-01-01,UYU,Uruguay,105,4.911131899
2014-01-01,USD,United States,4.624166667,4.624166667
2014-01-01,ZAR,South Africa,23.5,2.1603931
2014-07-01,AED,UAE,13,3.539292958
2014-07-01,ARS,Argentina,21,2.570772762
2014-07-01,AUD,Australia,5.1,4.814145
2014-07-01,BRL,Brazil,13,5.855196487
2014-07-01,CAD,Canada,5.64,5.251152181
2014-07-01,CHF,Switzerland,6.16,6.826241135
2014-07-01,CLP,Chile,2100,3.722480235
2014-07-01,CNY,China,16.9,2.726554055
2014-07-01,COP,Colombia,8600,4.654561199
2014-07-01,CRC,Costa Rica,2150,4.001488926
2014-07-01,CZK,Czech Republic,70.45,3.455514845
2014-07-01,DKK,Denmark,28.5,5.145518885
2014-07-01,EGP,Egypt,16.93,2.36781561
2014-07-01,EUR,Euro area,3.67923829,4.95354247
2014-07-01,GBP,Britain,2.89,4.925137996
2014-07-01,HKD,Hong Kong,18.8,2.425665607
2014-07-01,HUF,Hungary,860,3.766871808
2014-07-01,IDR,Indonesia,27939,2.428422425
2014-07-01,INR,India,105,1.747415282
2014-07-01,ILS,Israel,17.5,5.12625227
2014-07-01,JPY,Japan,370,3.644243081
2014-07-01,KRW,South Korea,4100,4.004884005
2014-07-01,LKR,Sri Lanka,350,2.687036966
2014-07-01,MXN,Mexico,42,3.247619379
2014-07-01,MYR,Malaysia,7.63,2.408839779
2014-07-01,NOK,Norway,48,7.757826516
2014-07-01,NZD,New Zealand,5.7,4.944750001
2014-07-01,PKR,Pakistan,300,3.040129712
2014-07-01,PEN,Peru,10,3.586800574
2014-07-01,PHP,Philippines,160,3.703275084
2014-07-01,PLN,Poland,9.2,2.995376701
2014-07-01,RUB,Russia,89,2.554736668
2014-07-01,SAR,Saudi Arabia,11,2.933059581
2014-07-01,SGD,Singapore,4.7,3.79644588
2014-07-01,SEK,Sweden,40.7,5.953774137
2014-07-01,THB,Thailand,99,3.115166772
2014-07-01,TRY,Turkey,9.25,4.423191871
2014-07-01,TWD,Taiwan,79,2.634914282
2014-07-01,UAH,Ukraine,19,1.62601626
2014-07-01,UYU,Uruguay,113,4.919460165
2014-07-01,USD,United States,4.795,4.795
2014-07-01,VND,Vietnam,60000,2.826189355
2014-07-01,ZAR,South Africa,24.5,2.330115555
2015-01-01,AED,UAE,13,3.539292958
2015-01-01,ARS,Argentina,28,3.25203252
2015-01-01,AUD,Australia,5.3,4.318704999
2015-01-01,BRL,Brazil,13.5,5.206826728
2015-01-01,CAD,Canada,5.7,4.639615807
2015-01-01,CHF,Switzerland,6.5,7.543666222
2015-01-01,CLP,Chile,2100,3.346693546
2015-01-01,CNY,China,17.2,2.769057394
2015-01-01,COP,Colombia,7900,3.340408798
2015-01-01,CRC,Costa Rica,2150,4.010520622
2015-01-01,CZK,Czech Republic,70.45,2.919208975
2015-01-01,DKK,Denmark,34.5,5.376008976
2015-01-01,EGP,Egypt,16.93,2.303385691
2015-01-01,EUR,Euro area,3.68,4.263832002
2015-01-01,GBP,Britain,2.89,4.368234997
2015-01-01,HKD,Hong Kong,18.8,2.425383965
2015-01-01,HUF,Hungary,860,3.168831083
2015-01-01,IDR,Indonesia,27939,2.238701923
2015-01-01,INR,India,116.25,1.886715897
2015-01-01,ILS,Israel,17.5,4.448228969
2015-01-01,JPY,Japan,370,3.141850295
2015-01-01,KRW,South Korea,4100,3.784731838
2015-01-01,LKR,Sri Lanka,350,2.654028436
2015-01-01,MXN,Mexico,49,3.349854726
2015-01-01,MYR,Malaysia,7.63,2.11035818
2015-01-01,NOK,Norway,48,6.297146605
2015-01-01,NZD,New Zealand,5.9,4.492555001
2015-01-01,PKR,Pakistan,300,2.978110885
2015-01-01,PEN,Peru,10,3.324468085
2015-01-01,PHP,Philippines,163,3.670344517
2015-01-01,PLN,Poland,9.2,2.48205903
2015-01-01,RUB,Russia,89,1.364465635
2015-01-01,SAR,Saudi Arabia,11,2.927945913
2015-01-01,SGD,Singapore,4.7,3.525484754
2015-01-01,SEK,Sweden,40.7,4.968595304
2015-01-01,THB,Thailand,99,3.036344119
2015-01-01,TRY,Turkey,9.25,3.96408751
2015-01-01,TWD,Taiwan,79,2.508493951
2015-01-01,UAH,Ukraine,19,1.200859563
2015-01-01,UYU,Uruguay,113,4.626407369
2015-01-01,USD,United States,4.79,4.79
2015-01-01,VND,Vietnam,60000,2.806361085
2015-01-01,ZAR,South Africa,25.5,2.221496243
2015-07-01,AED,UAE,13,3.539389319
2015-07-01,ARS,Argentina,28,3.0651341
2015-07-01,AUD,Australia,5.3,3.922265
2015-07-01,BRL,Brazil,13.5,4.28251939
2015-07-01,CAD,Canada,5.85,4.53593859
2015-07-01,CHF,Switzerland,6.5,6.821998321
2015-07-01,CLP,Chile,2100,3.268736867
2015-07-01,CNY,China,17,2.737872834
2015-07-01,COP,Colombia,7900,2.916312895
2015-07-01,CRC,Costa Rica,2150,4.031501969
2015-07-01,CZK,Czech Republic,70,2.833749962
2015-07-01,DKK,Denmark,34.59,5.078512124
2015-07-01,EGP,Egypt,16.93,2.162182872
2015-07-01,EUR,Euro area,3.7,4.053904998
2015-07-01,GBP,Britain,2.89,4.512446003
2015-07-01,HKD,Hong Kong,19.2,2.477163648
2015-07-01,HUF,Hungary,900,3.18158583
2015-07-01,IDR,Indonesia,30500,2.285585822
2015-07-01,INR,India,116.25,1.832728993
2015-07-01,ILS,Israel,17.5,4.631651382
2015-07-01,JPY,Japan,370,2.985435914
2015-07-01,KRW,South Korea,4300,3.760384784
2015-07-01,LKR,Sri Lanka,350,2.614867389
2015-07-01,MXN,Mexico,49,3.113137121
2015-07-01,MYR,Malaysia,7.65,2.009720215
2015-07-01,NOK,Norway,46,5.649335896
2015-07-01,NZD,New Zealand,5.9,3.909635
2015-07-01,PKR,Pakistan,350,3.441494592
2015-07-01,PEN,Peru,10,3.141196796
2015-07-01,PHP,Philippines,163,3.605197678
2015-07-01,PLN,Poland,9.6,2.543989824
2015-07-01,RUB,Russia,107,1.883305465
2015-07-01,SAR,Saudi Arabia,12,3.199530735
2015-07-01,SGD,Singapore,4.7,3.43969555
2015-07-01,SEK,Sweden,43.7,5.127513156
2015-07-01,THB,Thailand,108,3.168316832
2015-07-01,TRY,Turkey,10.25,3.874210984
2015-07-01,TWD,Taiwan,79,2.546744036
2015-07-01,UAH,Ukraine,34,1.548974943
2015-07-01,UYU,Uruguay,113,4.13238252
2015-07-01,USD,United States,4.79,4.79
2015-07-01,VND,Vietnam,60000,2.751031637
2015-07-01,ZAR,South Africa,26,2.094316749
2016-01-01,AED,UAE,13,3.53924478
2016-01-01,ARS,Argentina,33,2.389702554
2016-01-01,AUD,Australia,5.3,3.743655001
2016-01-01,BRL,Brazil,13.5,3.354203936
2016-01-01,CAD,Canada,5.84,4.144195288
2016-01-01,CHF,Switzerland,6.5,6.443298969
2016-01-01,CLP,Chile,2100,2.93618003
2016-01-01,CNY,China,17.6,2.6836632
2016-01-01,COP,Colombia,7900,2.427855804
2016-01-01,CRC,Costa Rica,2150,4.016814573
2016-01-01,CZK,Czech Republic,75,2.982795237
2016-01-01,DKK,Denmark,30,4.322455155
2016-01-01,EGP,Egypt,16.93,2.162182872
2016-01-01,EUR,Euro area,3.72,3.999000001
2016-01-01,GBP,Britain,2.89,4.221856502
2016-01-01,HKD,Hong Kong,19.2,2.476668365
2016-01-01,HUF,Hungary,900,3.075040731
2016-01-01,IDR,Indonesia,30500,2.186771823
2016-01-01,INR,India,127,1.901126455
2016-01-01,ILS,Israel,16.9,4.288197308
2016-01-01,JPY,Japan,370,3.118546926
2016-01-01,KRW,South Korea,4300,3.590064705
2016-01-01,LKR,Sri Lanka,350,2.429711906
2016-01-01,MXN,Mexico,49,2.810156709
2016-01-01,MYR,Malaysia,8,1.821286283
2016-01-01,NOK,Norway,46.8,5.214688038
2016-01-01,NZD,New Zealand,5.9,3.912289999
2016-01-01,PKR,Pakistan,300,2.86027554
2016-01-01,PEN,Peru,10,2.925687537
2016-01-01,PHP,Philippines,131,2.785900367
2016-01-01,PLN,Poland,9.6,2.371717272
2016-01-01,RUB,Russia,114,1.527024312
2016-01-01,SAR,Saudi Arabia,12,3.196334869
2016-01-01,SGD,Singapore,4.7,3.270133936
2016-01-01,SEK,Sweden,45,5.231432773
2016-01-01,THB,Thailand,112,3.092214246
2016-01-01,TRY,Turkey,10.25,3.405768208
2016-01-01,TWD,Taiwan,69,2.076343229
2016-01-01,UAH,Ukraine,36,1.541755889
2016-01-01,UYU,Uruguay,113,3.743581249
2016-01-01,USD,United States,4.93,4.93
2016-01-01,VND,Vietnam,60000,2.67052409
2016-01-01,ZAR,South Africa,28,1.770611019
2016-07-01,AED,UAE,13,3.53924478
2016-07-01,ARS,Argentina,50,3.347840643
2016-07-01,AUD,Australia,5.75,4.3047375
2016-07-01,BRL,Brazil,15.5,4.781810609
2016-07-01,CAD,Canada,6,4.60475825
2016-07-01,CHF,Switzerland,6.5,6.591623568
2016-07-01,CLP,Chile,2300,3.532374985
2016-07-01,CNY,China,18.6,2.785265049
2016-07-01,COP,Colombia,8900,3.03857972
2016-07-01,CRC,Costa Rica,2250,4.117937737
2016-07-01,CZK,Czech Republic,75,3.055419193
2016-07-01,DKK,Denmark,30,4.439741607
2016-07-01,EGP,Egypt,23,2.590104674
2016-07-01,EUR,Euro area,3.82,4.205628998
2016-07-01,GBP,Britain,2.99,3.940221999
2016-07-01,HKD,Hong Kong,19.2,2.475694355
2016-07-01,HUF,Hungary,900,3.150822522
2016-07-01,IDR,Indonesia,31000,2.364156339
2016-07-01,INR,India,162,2.410714286
2016-07-01,ILS,Israel,16.9,4.379656625
2016-07-01,JPY,Japan,370,3.466854064
2016-07-01,KRW,South Korea,4400,3.856435427
2016-07-01,LKR,Sri Lanka,530,3.625170999
2016-07-01,MXN,Mexico,44,2.37388724
2016-07-01,MYR,Malaysia,8,1.986590514
2016-07-01,NOK,Norway,46.8,5.510063519
2016-07-01,NZD,New Zealand,6,4.221300001
2016-07-01,PKR,Pakistan,375,3.577561534
2016-07-01,PEN,Peru,10,3.024940636
2016-07-01,PHP,Philippines,133,2.822880187
2016-07-01,PLN,Poland,9.6,2.420788521
2016-07-01,RUB,Russia,130,2.050229034
2016-07-01,SAR,Saudi Arabia,12,3.19957339
2016-07-01,SGD,Singapore,5.45,4.014141563
2016-07-01,SEK,Sweden,44.94,5.228712543
2016-07-01,THB,Thailand,119,3.403403403
2016-07-01,TRY,Turkey,10.75,3.53263995
2016-07-01,TWD,Taiwan,69,2.154297668
2016-07-01,UAH,Ukraine,39,1.572580645
2016-07-01,UYU,Uruguay,123,4.077573347
2016-07-01,USD,United States,5.04,5.04
2016-07-01,VND,Vietnam,60000,2.69058296
2016-07-01,ZAR,South Africa,30,2.101760224
2017-01-01,AED,UAE,13,3.539341138
2017-01-01,ARS,Argentina,55,3.468390352
2017-01-01,AUD,Australia,5.8,4.275180001
2017-01-01,BRL,Brazil,16.5,5.117945378
2017-01-01,CAD,Canada,5.98,4.509803922
2017-01-01,CHF,Switzerland,6.5,6.350136772
2017-01-01,CLP,Chile,2450,3.641471154
2017-01-01,CNY,China,19.6,2.829671123
2017-01-01,COP,Colombia,9900,3.305923112
2017-01-01,CRC,Costa Rica,2250,4.058954053
2017-01-01,CZK,Czech Republic,75,2.905653433
2017-01-01,DKK,Denmark,30,4.224608344
2017-01-01,EGP,Egypt,27.49,1.464571124
2017-01-01,EUR,Euro area,3.88,4.061778002
2017-01-01,GBP,Britain,3.09,3.728394002
2017-01-01,HKD,Hong Kong,19.2,2.475518795
2017-01-01,HUF,Hungary,900,3.054811464
2017-01-01,IDR,Indonesia,31000,2.325755871
2017-01-01,INR,India,170,2.48801727
2017-01-01,ILS,Israel,16.9,4.383916991
2017-01-01,JPY,Japan,380,3.257189388
2017-01-01,KRW,South Korea,4400,3.677546074
2017-01-01,LKR,Sri Lanka,550,3.665200586
2017-01-01,MXN,Mexico,49,2.232295392
2017-01-01,MYR,Malaysia,8,1.7891088
2017-01-01,NOK,Norway,49,5.665820648
2017-01-01,NZD,New Zealand,6,4.1853
2017-01-01,PKR,Pakistan,375,3.579098067
2017-01-01,PEN,Peru,11,3.242064311
2017-01-01,PHP,Philippines,133,2.680640935
2017-01-01,PLN,Poland,9.6,2.300971921
2017-01-01,RUB,Russia,130,2.15098242
2017-01-01,SAR,Saudi Arabia,12,3.199445429
2017-01-01,SGD,Singapore,5.6,3.892267593
2017-01-01,SEK,Sweden,48,5.260533396
2017-01-01,THB,Thailand,119,3.345233745
2017-01-01,TRY,Turkey,10.75,2.748552216
2017-01-01,TWD,Taiwan,69,2.162670428
2017-01-01,UAH,Ukraine,42,1.542133284
2017-01-01,UYU,Uruguay,125,4.351610096
2017-01-01,USD,United States,5.06,5.06
2017-01-01,VND,Vietnam,60000,2.658160553
2017-01-01,ZAR,South Africa,26.32,1.886400287
2017-07-01,AED,UAE,14,3.811598149
2017-07-01,ARS,Argentina,70,4.125534109
2017-07-01,AUD,Australia,5.9,4.527955001
2017-07-01,BRL,Brazil,16.5,5.101567573
2017-07-01,CAD,Canada,5.97,4.655696795
2017-07-01,CHF,Switzerland,6.5,6.741689571
2017-07-01,CLP,Chile,2550,3.844095545
2017-07-01,CNY,China,19.8,2.917127072
2017-07-01,COP,Colombia,9900,3.243604529
2017-07-01,CRC,Costa Rica,2290,4.000034935
2017-07-01,CZK,Czech Republic,75,3.281399714
2017-07-01,DKK,Denmark,30,4.606490545
2017-07-01,EGP,Egypt,31.37,1.753983785
2017-07-01,EUR,Euro area,3.91,4.4650245
2017-07-01,GBP,Britain,3.19,4.111431502
2017-07-01,HKD,Hong Kong,19.2,2.457914613
2017-07-01,HUF,Hungary,862,3.208947528
2017-07-01,IDR,Indonesia,32126,2.402932047
2017-07-01,INR,India,178,2.757231925
2017-07-01,ILS,Israel,16.9,4.773337099
2017-07-01,JPY,Japan,380,3.361047232
2017-07-01,KRW,South Korea,4400,3.843969772
2017-07-01,LKR,Sri Lanka,580,3.772971215
2017-07-01,MXN,Mexico,49,2.754240265
2017-07-01,MYR,Malaysia,8.6,2.003027833
2017-07-01,NOK,Norway,49,5.914160189
2017-07-01,NZD,New Zealand,6.1,4.432259999
2017-07-01,PKR,Pakistan,375,3.566333809
2017-07-01,PEN,Peru,10.5,3.229278794
2017-07-01,PHP,Philippines,134,2.649451821
2017-07-01,PLN,Poland,10.1,2.723399666
2017-07-01,RUB,Russia,137,2.278135388
2017-07-01,SAR,Saudi Arabia,12,3.199872005
2017-07-01,SGD,Singapore,5.6,4.06474559
2017-07-01,SEK,Sweden,48.97,5.818920701
2017-07-01,THB,Thailand,119,3.496246676
2017-07-01,TRY,Turkey,10.75,3.006110094
2017-07-01,TWD,Taiwan,69,2.26396522
2017-07-01,UAH,Ukraine,44,1.697858383
2017-07-01,UYU,Uruguay,130,4.52882773
2017-07-01,USD,United States,5.3,5.3
2017-07-01,VND,Vietnam,60000,2.63939294
2017-07-01,ZAR,South Africa,30,2.260738508
2018-01-01,AED,UAE,14,3.811598149
2018-01-01,ARS,Argentina,75,3.96039604
2018-01-01,AUD,Australia,5.9,4.706135
2018-01-01,BRL,Brazil,16.5,5.111682518
2018-01-01,CAD,Canada,6.55,5.25724376
2018-01-01,CHF,Switzerland,6.5,6.764843628
2018-01-01,CLP,Chile,2600,4.290889287
2018-01-01,CNY,China,20.4,3.171641791
2018-01-01,COP,Colombia,10900,3.832468391
2018-01-01,CRC,Costa Rica,2290,4.027931683
2018-01-01,CZK,Czech Republic,79,3.807779438
2018-01-01,DKK,Denmark,30,4.93202032
2018-01-01,EGP,Egypt,34.21,1.932768362
2018-01-01,EUR,Euro area,3.95,4.835787497
2018-01-01,GBP,Britain,3.19,4.413045999
2018-01-01,HKD,Hong Kong,20.5,2.621818647
2018-01-01,HUF,Hungary,864,3.426638505
2018-01-01,IDR,Indonesia,35750,2.67609851
2018-01-01,INR,India,180,2.81861066
2018-01-01,ILS,Israel,16.5,4.801606356
2018-01-01,JPY,Japan,380,3.431925943
2018-01-01,KRW,South Korea,4400,4.115033902
2018-01-01,LKR,Sri Lanka,580,3.771131339
2018-01-01,MXN,Mexico,48,2.57186487
2018-01-01,MYR,Malaysia,9,2.276176024
2018-01-01,NOK,Norway,49,6.241958701
2018-01-01,NZD,New Zealand,6.2,4.510190001
2018-01-01,PKR,Pakistan,375,3.393511606
2018-01-01,PEN,Peru,10.5,3.268991283
2018-01-01,PHP,Philippines,134,2.641695416
2018-01-01,PLN,Poland,10.1,2.965572928
2018-01-01,RUB,Russia,130,2.290950745
2018-01-01,SAR,Saudi Arabia,12,3.19974402
2018-01-01,SGD,Singapore,5.8,4.385467468
2018-01-01,SEK,Sweden,49.1,6.12311069
2018-01-01,THB,Thailand,119,3.72456964
2018-01-01,TRY,Turkey,10.75,2.827013096
2018-01-01,TWD,Taiwan,69,2.334788346
2018-01-01,UAH,Ukraine,47,1.636775205
2018-01-01,UYU,Uruguay,140,4.898530441
2018-01-01,USD,United States,5.28,5.28
2018-01-01,VND,Vietnam,65000,2.861986218
2018-01-01,ZAR,South Africa,30,2.447351354
2018-07-01,AED,United Arab Emirates,14,3.811442495
2018-07-01,ARS,Argentina,75,2.705139766
2018-07-01,AUD,Australia,6.05,4.5154175
2018-07-01,AZN,Azerbaijan,3.95,2.321140003
2018-07-01,BHD,Bahrain,1.2,3.161638783
2018-07-01,BRL,Brazil,16.9,4.402933552
2018-07-01,CAD,Canada,6.65,5.06724578
2018-07-01,CHF,Switzerland,6.5,6.544173169
2018-07-01,CLP,Chile,2640,4.050757215
2018-07-01,CNY,China,20.5,3.095741468
2018-07-01,COP,Colombia,11900,4.140469787
2018-07-01,CRC,Costa Rica,2290,4.03311025
2018-07-01,CZK,Czech Republic,75,3.399086779
2018-07-01,DKK,Denmark,30,4.717648724
2018-07-01,EGP,Egypt,31.37,1.752024574
2018-07-01,EUR,Euro area,4.04,4.735082
2018-07-01,GBP,Britain,3.19,4.231535
2018-07-01,GTQ,Guatemala,25,3.339076545
2018-07-01,HKD,Hong Kong,20,2.548338802
2018-07-01,HNL,Honduras,85,3.542759017
2018-07-01,HRK,Croatia,21,3.326600927
2018-07-01,HUF,Hungary,850,3.074917285
2018-07-01,IDR,Indonesia,31500,2.193593315
2018-07-01,INR,India,173,2.513621504
2018-07-01,ILS,Israel,17,4.676882445
2018-07-01,JOD,Jordan,1.95,2.746285473
2018-07-01,JPY,Japan,390,3.505617978
2018-07-01,KRW,South Korea,4500,4.032258065
2018-07-01,KWD,Kuwait,1.05,3.47107438
2018-07-01,LBP,Lebanon,6500,4.301786896
2018-07-01,LKR,Sri Lanka,580,3.641614868
2018-07-01,MDL,Moldova,43,2.582179359
2018-07-01,MXN,Mexico,49,2.57197596
2018-07-01,MYR,Malaysia,8.45,2.100683654
2018-07-01,NIO,Nicaragua,103,3.260814507
2018-07-01,NOK,Norway,42,5.222906174
2018-07-01,NZD,New Zealand,6.2,4.23398
2018-07-01,OMR,Oman,1.05,2.727272727
2018-07-01,PKR,Pakistan,375,3.0866738
2018-07-01,PEN,Peru,10.5,3.20953691
2018-07-01,PHP,Philippines,140,2.617458448
2018-07-01,PLN,Poland,10.1,2.739391638
2018-07-01,QAR,Qatar,12,3.295797858
2018-07-01,RON,Romania,9.2,2.315484805
2018-07-01,RUB,Russia,130,2.092028326
2018-07-01,SAR,Saudi Arabia,12,3.199658703
2018-07-01,SGD,Singapore,5.8,4.277759339
2018-07-01,SEK,Sweden,51,5.826840025
2018-07-01,THB,Thailand,119,3.587579138
2018-07-01,TRY,Turkey,10.75,2.284196547
2018-07-01,TWD,Taiwan,69,2.271791917
2018-07-01,UAH,Ukraine,50,1.908469789
2018-07-01,UYU,Uruguay,140,4.471414883
2018-07-01,USD,United States,5.51,5.51
2018-07-01,VND,Vietnam,65000,2.82124178
2018-07-01,ZAR,South Africa,31,2.320029337
2019-01-01,AED,United Arab Emirates,14,3.811442495
2019-01-01,ARS,Argentina,75,2.002402883
2019-01-01,AUD,Australia,6.1,4.352045
2019-01-01,AZN,Azerbaijan,3.95,2.328323018
2019-01-01,BHD,Bahrain,1.2,3.183023873
2019-01-01,BRL,Brazil,16.9,4.545515674
2019-01-01,CAD,Canada,6.77,5.084873066
2019-01-01,CHF,Switzerland,6.5,6.62150461
2019-01-01,CLP,Chile,2640,3.888127955
2019-01-01,CNY,China,20.9,3.051228521
2019-01-01,COP,Colombia,11900,3.728654238
2019-01-01,CRC,Costa Rica,2290,3.772807776
2019-01-01,CZK,Czech Republic,85,3.80966894
2019-01-01,DKK,Denmark,30,4.604440215
2019-01-01,EGP,Egypt,40,2.233389168
2019-01-01,EUR,Euro area,4.05,4.6419075
2019-01-01,GBP,Britain,3.19,4.072992
2019-01-01,GTQ,Guatemala,25,3.234864071
2019-01-01,HKD,Hong Kong,20,2.552860161
2019-01-01,HNL,Honduras,85,3.492323052
2019-01-01,HRK,Croatia,21,3.241315974
2019-01-01,HUF,Hungary,850,3.032803336
2019-01-01,IDR,Indonesia,33000,2.342086586
2019-01-01,INR,India,178,2.554351726
2019-01-01,ILS,Israel,17,4.584867241
2019-01-01,JOD,Jordan,1.95,2.748027057
2019-01-01,JPY,Japan,390,3.596458871
2019-01-01,KRW,South Korea,4500,4.02288575
2019-01-01,KWD,Kuwait,1.05,3.464203233
2019-01-01,LBP,Lebanon,6500,4.313205043
2019-01-01,LKR,Sri Lanka,580,3.182529013
2019-01-01,MDL,Moldova,40,2.317094364
2019-01-01,MXN,Mexico,49,2.537709588
2019-01-01,MYR,Malaysia,9.05,2.197935641
2019-01-01,NIO,Nicaragua,103,3.182873053
2019-01-01,NOK,Norway,50,5.859672561
2019-01-01,NZD,New Zealand,6.2,4.1912
2019-01-01,OMR,Oman,1.05,2.727981294
2019-01-01,PKR,Pakistan,460,3.312211982
2019-01-01,PEN,Peru,10.5,3.135732418
2019-01-01,PHP,Philippines,140,2.672138188
2019-01-01,PLN,Poland,10.5,2.801157812
2019-01-01,QAR,Qatar,12,3.295571576
2019-01-01,RON,Romania,9.3,2.286725925
2019-01-01,RUB,Russia,110.17,1.652095674
2019-01-01,SAR,Saudi Arabia,12,3.199018968
2019-01-01,SGD,Singapore,5.8,4.277601593
2019-01-01,SEK,Sweden,52,5.838596491
2019-01-01,THB,Thailand,119,3.717878622
2019-01-01,TRY,Turkey,10.75,1.996879296
2019-01-01,TWD,Taiwan,69,2.240041554
2019-01-01,UAH,Ukraine,54,1.942446043
2019-01-01,UYU,Uruguay,140,4.306367272
2019-01-01,USD,United States,5.58,5.58
2019-01-01,VND,Vietnam,65000,2.801844907
2019-01-01,ZAR,South Africa,31,2.235442582
2019-07-09,AED,United Arab Emirates,14.75,4.015626914
2019-07-09,ARS,Argentina,120,2.870504372
2019-07-09,AUD,Australia,6.15,4.260105
2019-07-09,AZN,Azerbaijan,3.95,2.328323018
2019-07-09,BHD,Bahrain,1.4,3.713527851
2019-07-09,BRL,Brazil,17.5,4.596433168
2019-07-09,CAD,Canada,6.77,5.155934656
2019-07-09,CHF,Switzerland,6.5,6.542197172
2019-07-09,CLP,Chile,2640,3.827473722
2019-07-09,CNY,China,21,3.050286146
2019-07-09,COP,Colombia,11900,3.687635575
2019-07-09,CRC,Costa Rica,2290,3.935147396
2019-07-09,CZK,Czech Republic,85,3.728184637
2019-07-09,DKK,Denmark,30,4.504978001
2019-07-09,EGP,Egypt,42,2.527836293
2019-07-09,EUR,Euro area,4.08,4.572252
2019-07-09,GBP,Britain,3.29,4.101314
2019-07-09,GTQ,Guatemala,25,3.255123564
2019-07-09,HKD,Hong Kong,20.5,2.624671916
2019-07-09,HNL,Honduras,86,3.512584037
2019-07-09,HRK,Croatia,22,3.334293206
2019-07-09,HUF,Hungary,900,3.097667388
2019-07-09,IDR,Indonesia,32000,2.264685067
2019-07-09,INR,India,183,2.669412904
2019-07-09,ILS,Israel,17,4.766310595
2019-07-09,JOD,Jordan,2.3,3.244005642
2019-07-09,JPY,Japan,390,3.585712316
2019-07-09,KRW,South Korea,4500,3.811782644
2019-07-09,KWD,Kuwait,1.1,3.612479475
2019-07-09,LBP,Lebanon,6500,4.313205043
2019-07-09,LKR,Sri Lanka,640,3.643090935
2019-07-09,MDL,Moldova,43,2.413804718
2019-07-09,MXN,Mexico,50,2.646167688
2019-07-09,MYR,Malaysia,8.85,2.136391068
2019-07-09,NIO,Nicaragua,110,3.317039633
2019-07-09,NOK,Norway,42,4.853948167
2019-07-09,NZD,New Zealand,6.4,4.2288
2019-07-09,OMR,Oman,1.21,3.142857143
2019-07-09,PKR,Pakistan,480,3.048586853
2019-07-09,PEN,Peru,10.5,3.194596568
2019-07-09,PHP,Philippines,142,2.767087251
2019-07-09,PLN,Poland,10.8,2.836320662
2019-07-09,QAR,Qatar,13,3.569712364
2019-07-09,RON,Romania,9.3,2.204209329
2019-07-09,RUB,Russia,130,2.036380725
2019-07-09,SAR,Saudi Arabia,13,3.466343141
2019-07-09,SGD,Singapore,5.8,4.260633218
2019-07-09,SEK,Sweden,51,5.382557348
2019-07-09,THB,Thailand,119,3.860189766
2019-07-09,TRY,Turkey,13.99,2.444949318
2019-07-09,TWD,Taiwan,72,2.309765174
2019-07-09,UAH,Ukraine,57,2.222438834
2019-07-09,UYU,Uruguay,164,4.663131406
2019-07-09,USD,United States,5.74,5.74
2019-07-09,VND,Vietnam,65000,2.79798545
2019-07-09,ZAR,South Africa,31,2.186948854
2020-01-14,AED,United Arab Emirates,14.75,4.015626914
2020-01-14,ARS,Argentina,171,2.846887403
2020-01-14,AUD,Australia,6.45,4.451145
2020-01-14,AZN,Azerbaijan,3.95,2.328323018
2020-01-14,BHD,Bahrain,1.4,3.713527851
2020-01-14,BRL,Brazil,19.9,4.804558295
2020-01-14,CAD,Canada,6.77,5.181585091
2020-01-14,CHF,Switzerland,6.5,6.713142267
2020-01-14,CLP,Chile,2640,3.416414318
2020-01-14,CNY,China,21.5,3.122730574
2020-01-14,COP,Colombia,11900,3.619634234
2020-01-14,CRC,Costa Rica,2350,4.123060188
2020-01-14,CZK,Czech Republic,85,3.755918333
2020-01-14,DKK,Denmark,30,4.464717569
2020-01-14,EGP,Egypt,42,2.644836272
2020-01-14,EUR,Euro area,4.12,4.582058
2020-01-14,GBP,Britain,3.39,4.4102205
2020-01-14,GTQ,Guatemala,25,3.244098984
2020-01-14,HKD,Hong Kong,20.5,2.636537262
2020-01-14,HNL,Honduras,87,3.52872463
2020-01-14,HRK,Croatia,22,3.28529829
2020-01-14,HUF,Hungary,900,3.012550284
2020-01-14,IDR,Indonesia,33000,2.414045355
2020-01-14,INR,India,188,2.652439433
2020-01-14,ILS,Israel,17,4.914004914
2020-01-14,JOD,Jordan,2.3,3.244005642
2020-01-14,JPY,Japan,390,3.544165758
2020-01-14,KRW,South Korea,4500,3.892396851
2020-01-14,KWD,Kuwait,1.1,3.625576796
2020-01-14,LBP,Lebanon,6500,4.29326288
2020-01-14,LKR,Sri Lanka,580,3.196472858
2020-01-14,MDL,Moldova,45,2.583237658
2020-01-14,MXN,Mexico,50,2.656677559
2020-01-14,MYR,Malaysia,9.5,2.331574426
2020-01-14,NIO,Nicaragua,120,3.542299484
2020-01-14,NOK,Norway,53,5.971730055
2020-01-14,NZD,New Zealand,6.5,4.29455
2020-01-14,OMR,Oman,1.155,2.99961044
2020-01-14,PKR,Pakistan,520,3.357546408
2020-01-14,PEN,Peru,11.9,3.57615098
2020-01-14,PHP,Philippines,142,2.807433768
2020-01-14,PLN,Poland,11,2.897329189
2020-01-14,QAR,Qatar,13,3.570447679
2020-01-14,RON,Romania,9.5,2.210227537
2020-01-14,RUB,Russia,135,2.197533879
2020-01-14,SAR,Saudi Arabia,13,3.465003465
2020-01-14,SGD,Singapore,5.9,4.379616227
2020-01-14,SEK,Sweden,51.5,5.444492605
2020-01-14,THB,Thailand,115,3.798199983
2020-01-14,TRY,Turkey,12.99,2.20908975
2020-01-14,TWD,Taiwan,72,2.409275711
2020-01-14,UAH,Ukraine,57,2.375989996
2020-01-14,UYU,Uruguay,179,4.781621477
2020-01-14,USD,United States,5.67,5.67
2020-01-14,VND,Vietnam,66000,2.847773559
2020-01-14,ZAR,South Africa,31,2.154124105
2020-07-01,AED,United Arab Emirates,14.75,4.015845574
2020-07-01,ARS,Argentina,250,3.50923244
2020-07-01,AUD,Australia,6.55,4.57845
2020-07-01,AZN,Azerbaijan,3.95,2.324896998
2020-07-01,BHD,Bahrain,1.4,3.713035406
2020-07-01,BRL,Brazil,20.9,3.913527886
2020-07-01,CAD,Canada,6.88,5.07674144
2020-07-01,CHF,Switzerland,6.5,6.905710491
2020-07-01,CLP,Chile,2740,3.478481655
2020-07-01,CNY,China,21.7,3.098450775
2020-07-01,COP,Colombia,11900,3.290010257
2020-07-01,CRC,Costa Rica,2350,4.039015168
2020-07-01,CZK,Czech Republic,89,3.801242024
2020-07-01,DKK,Denmark,30,4.580607236
2020-07-01,EGP,Egypt,42,2.63322884
2020-07-01,EUR,Euro area,4.21,4.7861385
2020-07-01,GBP,Britain,3.39,4.2773325
2020-07-01,GTQ,Guatemala,25,3.249707526
2020-07-01,HKD,Hong Kong,20.5,2.644837084
2020-07-01,HNL,Honduras,87,3.523593904
2020-07-01,HRK,Croatia,22,3.319652342
2020-07-01,HUF,Hungary,900,2.890378076
2020-07-01,IDR,Indonesia,34000,2.355386214
2020-07-01,INR,India,190,2.526679743
2020-07-01,ILS,Israel,17,4.946605756
2020-07-01,JOD,Jordan,2.3,3.244005642
2020-07-01,JPY,Japan,390,3.635516197
2020-07-01,KRW,South Korea,4500,3.747033598
2020-07-01,KWD,Kuwait,1.15,3.736192333
2020-07-01,LBP,Lebanon,9000,5.952380952
2020-07-01,LKR,Sri Lanka,680,3.658864676
2020-07-01,MDL,Moldova,47,2.752562225
2020-07-01,MXN,Mexico,50,2.228561241
2020-07-01,MYR,Malaysia,9.99,2.342046653
2020-07-01,NIO,Nicaragua,120,3.49088878
2020-07-01,NOK,Norway,52,5.549004647
2020-07-01,NZD,New Zealand,6.6,4.34841
2020-07-01,OMR,Oman,1.1,2.857142857
2020-07-01,PKR,Pakistan,550,3.303303303
2020-07-01,PEN,Peru,11.9,3.402624882
2020-07-01,PHP,Philippines,142,2.872981831
2020-07-01,PLN,Poland,11,2.789435646
2020-07-01,QAR,Qatar,13,3.570447679
2020-07-01,RON,Romania,9.9,2.323916386
2020-07-01,RUB,Russia,135,1.91258766
2020-07-01,SAR,Saudi Arabia,14,3.732288293
2020-07-01,SGD,Singapore,5.9,4.251945806
2020-07-01,SEK,Sweden,52.6,5.755931016
2020-07-01,THB,Thailand,128,4.078381392
2020-07-01,TRY,Turkey,13.99,2.039507253
2020-07-01,TWD,Taiwan,72,2.444282247
2020-07-01,UAH,Ukraine,59,2.174714338
2020-07-01,UYU,Uruguay,189,4.327418432
2020-07-01,USD,United States,5.71,5.71
2020-07-01,VND,Vietnam,66000,2.84728214
2020-07-01,ZAR,South Africa,31,1.859349228
